"unicode","name","alpha code","aliases"
"0023-20e3","keycap number sign",":hash:",""
"002a-20e3","keycap asterisk",":asterisk:",":keycap_asterisk:"
"0030-20e3","keycap digit zero",":zero:",""
"0031-20e3","keycap digit one",":one:",""
"0032-20e3","keycap digit two",":two:",""
"0033-20e3","keycap digit three",":three:",""
"0034-20e3","keycap digit four",":four:",""
"0035-20e3","keycap digit five",":five:",""
"0036-20e3","keycap digit six",":six:",""
"0037-20e3","keycap digit seven",":seven:",""
"0038-20e3","keycap digit eight",":eight:",""
"0039-20e3","keycap digit nine",":nine:",""
"00a9","copyright sign",":copyright:",""
"00ae","registered sign",":registered:",""
"1f004","mahjong tile red dragon",":mahjong:",""
"1f0cf","playing card black joker",":black_joker:",""
"1f170","negative squared latin capital letter a",":a:",""
"1f171","negative squared latin capital letter b",":b:",""
"1f17e","negative squared latin capital letter o",":o2:",""
"1f17f","negative squared latin capital letter p",":parking:",""
"1f18e","negative squared ab",":ab:",""
"1f191","squared cl",":cl:",""
"1f192","squared cool",":cool:",""
"1f193","squared free",":free:",""
"1f194","squared id",":id:",""
"1f195","squared new",":new:",""
"1f196","squared ng",":ng:",""
"1f197","squared ok",":ok:",""
"1f198","squared sos",":sos:",""
"1f199","squared up with exclamation mark",":up:",""
"1f19a","squared vs",":vs:",""
"1f1e6","regional indicator symbol letter a",":regional_indicator_a:",""
"1f1e6-1f1e8","ascension",":flag_ac:",":ac:"
"1f1e6-1f1e9","andorra",":flag_ad:",":ad:"
"1f1e6-1f1ea","the united arab emirates",":flag_ae:",":ae:"
"1f1e6-1f1eb","afghanistan",":flag_af:",":af:"
"1f1e6-1f1ec","antigua and barbuda",":flag_ag:",":ag:"
"1f1e6-1f1ee","anguilla",":flag_ai:",":ai:"
"1f1e6-1f1f1","albania",":flag_al:",":al:"
"1f1e6-1f1f2","armenia",":flag_am:",":am:"
"1f1e6-1f1f4","angola",":flag_ao:",":ao:"
"1f1e6-1f1f6","antarctica",":flag_aq:",":aq:"
"1f1e6-1f1f7","argentina",":flag_ar:",":ar:"
"1f1e6-1f1f8","american samoa",":flag_as:",":as:"
"1f1e6-1f1f9","austria",":flag_at:",":at:"
"1f1e6-1f1fa","australia",":flag_au:",":au:"
"1f1e6-1f1fc","aruba",":flag_aw:",":aw:"
"1f1e6-1f1fd","åland islands",":flag_ax:",":ax:"
"1f1e6-1f1ff","azerbaijan",":flag_az:",":az:"
"1f1e7","regional indicator symbol letter b",":regional_indicator_b:",""
"1f1e7-1f1e6","bosnia and herzegovina",":flag_ba:",":ba:"
"1f1e7-1f1e7","barbados",":flag_bb:",":bb:"
"1f1e7-1f1e9","bangladesh",":flag_bd:",":bd:"
"1f1e7-1f1ea","belgium",":flag_be:",":be:"
"1f1e7-1f1eb","burkina faso",":flag_bf:",":bf:"
"1f1e7-1f1ec","bulgaria",":flag_bg:",":bg:"
"1f1e7-1f1ed","bahrain",":flag_bh:",":bh:"
"1f1e7-1f1ee","burundi",":flag_bi:",":bi:"
"1f1e7-1f1ef","benin",":flag_bj:",":bj:"
"1f1e7-1f1f1","saint barthélemy",":flag_bl:",":bl:"
"1f1e7-1f1f2","bermuda",":flag_bm:",":bm:"
"1f1e7-1f1f3","brunei",":flag_bn:",":bn:"
"1f1e7-1f1f4","bolivia",":flag_bo:",":bo:"
"1f1e7-1f1f6","caribbean netherlands",":flag_bq:",":bq:"
"1f1e7-1f1f7","brazil",":flag_br:",":br:"
"1f1e7-1f1f8","the bahamas",":flag_bs:",":bs:"
"1f1e7-1f1f9","bhutan",":flag_bt:",":bt:"
"1f1e7-1f1fb","bouvet island",":flag_bv:",":bv:"
"1f1e7-1f1fc","botswana",":flag_bw:",":bw:"
"1f1e7-1f1fe","belarus",":flag_by:",":by:"
"1f1e7-1f1ff","belize",":flag_bz:",":bz:"
"1f1e8","regional indicator symbol letter c",":regional_indicator_c:",""
"1f1e8-1f1e6","canada",":flag_ca:",":ca:"
"1f1e8-1f1e8","cocos (keeling) islands",":flag_cc:",":cc:"
"1f1e8-1f1e9","the democratic republic of the congo",":flag_cd:",":congo:"
"1f1e8-1f1eb","central african republic",":flag_cf:",":cf:"
"1f1e8-1f1ec","the republic of the congo",":flag_cg:",":cg:"
"1f1e8-1f1ed","switzerland",":flag_ch:",":ch:"
"1f1e8-1f1ee","côte d’ivoire",":flag_ci:",":ci:"
"1f1e8-1f1f0","cook islands",":flag_ck:",":ck:"
"1f1e8-1f1f1","chile",":flag_cl:",":chile:"
"1f1e8-1f1f2","cameroon",":flag_cm:",":cm:"
"1f1e8-1f1f3","china",":flag_cn:",":cn:"
"1f1e8-1f1f4","colombia",":flag_co:",":co:"
"1f1e8-1f1f5","clipperton island",":flag_cp:",":cp:"
"1f1e8-1f1f7","costa rica",":flag_cr:",":cr:"
"1f1e8-1f1fa","cuba",":flag_cu:",":cu:"
"1f1e8-1f1fb","cape verde",":flag_cv:",":cv:"
"1f1e8-1f1fc","curaçao",":flag_cw:",":cw:"
"1f1e8-1f1fd","christmas island",":flag_cx:",":cx:"
"1f1e8-1f1fe","cyprus",":flag_cy:",":cy:"
"1f1e8-1f1ff","the czech republic",":flag_cz:",":cz:"
"1f1e9","regional indicator symbol letter d",":regional_indicator_d:",""
"1f1e9-1f1ea","germany",":flag_de:",":de:"
"1f1e9-1f1ec","diego garcia",":flag_dg:",":dg:"
"1f1e9-1f1ef","djibouti",":flag_dj:",":dj:"
"1f1e9-1f1f0","denmark",":flag_dk:",":dk:"
"1f1e9-1f1f2","dominica",":flag_dm:",":dm:"
"1f1e9-1f1f4","the dominican republic",":flag_do:",":do:"
"1f1e9-1f1ff","algeria",":flag_dz:",":dz:"
"1f1ea","regional indicator symbol letter e",":regional_indicator_e:",""
"1f1ea-1f1e6","ceuta, melilla",":flag_ea:",":ea:"
"1f1ea-1f1e8","ecuador",":flag_ec:",":ec:"
"1f1ea-1f1ea","estonia",":flag_ee:",":ee:"
"1f1ea-1f1ec","egypt",":flag_eg:",":eg:"
"1f1ea-1f1ed","western sahara",":flag_eh:",":eh:"
"1f1ea-1f1f7","eritrea",":flag_er:",":er:"
"1f1ea-1f1f8","spain",":flag_es:",":es:"
"1f1ea-1f1f9","ethiopia",":flag_et:",":et:"
"1f1ea-1f1fa","european union",":flag_eu:",":eu:"
"1f1eb","regional indicator symbol letter f",":regional_indicator_f:",""
"1f1eb-1f1ee","finland",":flag_fi:",":fi:"
"1f1eb-1f1ef","fiji",":flag_fj:",":fj:"
"1f1eb-1f1f0","falkland islands",":flag_fk:",":fk:"
"1f1eb-1f1f2","micronesia",":flag_fm:",":fm:"
"1f1eb-1f1f4","faroe islands",":flag_fo:",":fo:"
"1f1eb-1f1f7","france",":flag_fr:",":fr:"
"1f1ec","regional indicator symbol letter g",":regional_indicator_g:",""
"1f1ec-1f1e6","gabon",":flag_ga:",":ga:"
"1f1ec-1f1e7","great britain",":flag_gb:",":gb:"
"1f1ec-1f1e9","grenada",":flag_gd:",":gd:"
"1f1ec-1f1ea","georgia",":flag_ge:",":ge:"
"1f1ec-1f1eb","french guiana",":flag_gf:",":gf:"
"1f1ec-1f1ec","guernsey",":flag_gg:",":gg:"
"1f1ec-1f1ed","ghana",":flag_gh:",":gh:"
"1f1ec-1f1ee","gibraltar",":flag_gi:",":gi:"
"1f1ec-1f1f1","greenland",":flag_gl:",":gl:"
"1f1ec-1f1f2","the gambia",":flag_gm:",":gm:"
"1f1ec-1f1f3","guinea",":flag_gn:",":gn:"
"1f1ec-1f1f5","guadeloupe",":flag_gp:",":gp:"
"1f1ec-1f1f6","equatorial guinea",":flag_gq:",":gq:"
"1f1ec-1f1f7","greece",":flag_gr:",":gr:"
"1f1ec-1f1f8","south georgia",":flag_gs:",":gs:"
"1f1ec-1f1f9","guatemala",":flag_gt:",":gt:"
"1f1ec-1f1fa","guam",":flag_gu:",":gu:"
"1f1ec-1f1fc","guinea-bissau",":flag_gw:",":gw:"
"1f1ec-1f1fe","guyana",":flag_gy:",":gy:"
"1f1ed","regional indicator symbol letter h",":regional_indicator_h:",""
"1f1ed-1f1f0","hong kong",":flag_hk:",":hk:"
"1f1ed-1f1f2","heard island and mcdonald islands",":flag_hm:",":hm:"
"1f1ed-1f1f3","honduras",":flag_hn:",":hn:"
"1f1ed-1f1f7","croatia",":flag_hr:",":hr:"
"1f1ed-1f1f9","haiti",":flag_ht:",":ht:"
"1f1ed-1f1fa","hungary",":flag_hu:",":hu:"
"1f1ee","regional indicator symbol letter i",":regional_indicator_i:",""
"1f1ee-1f1e8","canary islands",":flag_ic:",":ic:"
"1f1ee-1f1e9","indonesia",":flag_id:",":indonesia:"
"1f1ee-1f1ea","ireland",":flag_ie:",":ie:"
"1f1ee-1f1f1","israel",":flag_il:",":il:"
"1f1ee-1f1f2","isle of man",":flag_im:",":im:"
"1f1ee-1f1f3","india",":flag_in:",":in:"
"1f1ee-1f1f4","british indian ocean territory",":flag_io:",":io:"
"1f1ee-1f1f6","iraq",":flag_iq:",":iq:"
"1f1ee-1f1f7","iran",":flag_ir:",":ir:"
"1f1ee-1f1f8","iceland",":flag_is:",":is:"
"1f1ee-1f1f9","italy",":flag_it:",":it:"
"1f1ef","regional indicator symbol letter j",":regional_indicator_j:",""
"1f1ef-1f1ea","jersey",":flag_je:",":je:"
"1f1ef-1f1f2","jamaica",":flag_jm:",":jm:"
"1f1ef-1f1f4","jordan",":flag_jo:",":jo:"
"1f1ef-1f1f5","japan",":flag_jp:",":jp:"
"1f1f0","regional indicator symbol letter k",":regional_indicator_k:",""
"1f1f0-1f1ea","kenya",":flag_ke:",":ke:"
"1f1f0-1f1ec","kyrgyzstan",":flag_kg:",":kg:"
"1f1f0-1f1ed","cambodia",":flag_kh:",":kh:"
"1f1f0-1f1ee","kiribati",":flag_ki:",":ki:"
"1f1f0-1f1f2","the comoros",":flag_km:",":km:"
"1f1f0-1f1f3","saint kitts and nevis",":flag_kn:",":kn:"
"1f1f0-1f1f5","north korea",":flag_kp:",":kp:"
"1f1f0-1f1f7","korea",":flag_kr:",":kr:"
"1f1f0-1f1fc","kuwait",":flag_kw:",":kw:"
"1f1f0-1f1fe","cayman islands",":flag_ky:",":ky:"
"1f1f0-1f1ff","kazakhstan",":flag_kz:",":kz:"
"1f1f1","regional indicator symbol letter l",":regional_indicator_l:",""
"1f1f1-1f1e6","laos",":flag_la:",":la:"
"1f1f1-1f1e7","lebanon",":flag_lb:",":lb:"
"1f1f1-1f1e8","saint lucia",":flag_lc:",":lc:"
"1f1f1-1f1ee","liechtenstein",":flag_li:",":li:"
"1f1f1-1f1f0","sri lanka",":flag_lk:",":lk:"
"1f1f1-1f1f7","liberia",":flag_lr:",":lr:"
"1f1f1-1f1f8","lesotho",":flag_ls:",":ls:"
"1f1f1-1f1f9","lithuania",":flag_lt:",":lt:"
"1f1f1-1f1fa","luxembourg",":flag_lu:",":lu:"
"1f1f1-1f1fb","latvia",":flag_lv:",":lv:"
"1f1f1-1f1fe","libya",":flag_ly:",":ly:"
"1f1f2","regional indicator symbol letter m",":regional_indicator_m:",""
"1f1f2-1f1e6","morocco",":flag_ma:",":ma:"
"1f1f2-1f1e8","monaco",":flag_mc:",":mc:"
"1f1f2-1f1e9","moldova",":flag_md:",":md:"
"1f1f2-1f1ea","montenegro",":flag_me:",":me:"
"1f1f2-1f1eb","saint martin",":flag_mf:",":mf:"
"1f1f2-1f1ec","madagascar",":flag_mg:",":mg:"
"1f1f2-1f1ed","the marshall islands",":flag_mh:",":mh:"
"1f1f2-1f1f0","macedonia",":flag_mk:",":mk:"
"1f1f2-1f1f1","mali",":flag_ml:",":ml:"
"1f1f2-1f1f2","myanmar",":flag_mm:",":mm:"
"1f1f2-1f1f3","mongolia",":flag_mn:",":mn:"
"1f1f2-1f1f4","macau",":flag_mo:",":mo:"
"1f1f2-1f1f5","northern mariana islands",":flag_mp:",":mp:"
"1f1f2-1f1f6","martinique",":flag_mq:",":mq:"
"1f1f2-1f1f7","mauritania",":flag_mr:",":mr:"
"1f1f2-1f1f8","montserrat",":flag_ms:",":ms:"
"1f1f2-1f1f9","malta",":flag_mt:",":mt:"
"1f1f2-1f1fa","mauritius",":flag_mu:",":mu:"
"1f1f2-1f1fb","maldives",":flag_mv:",":mv:"
"1f1f2-1f1fc","malawi",":flag_mw:",":mw:"
"1f1f2-1f1fd","mexico",":flag_mx:",":mx:"
"1f1f2-1f1fe","malaysia",":flag_my:",":my:"
"1f1f2-1f1ff","mozambique",":flag_mz:",":mz:"
"1f1f3","regional indicator symbol letter n",":regional_indicator_n:",""
"1f1f3-1f1e6","namibia",":flag_na:",":na:"
"1f1f3-1f1e8","new caledonia",":flag_nc:",":nc:"
"1f1f3-1f1ea","niger",":flag_ne:",":ne:"
"1f1f3-1f1eb","norfolk island",":flag_nf:",":nf:"
"1f1f3-1f1ec","nigeria",":flag_ng:",":nigeria:"
"1f1f3-1f1ee","nicaragua",":flag_ni:",":ni:"
"1f1f3-1f1f1","the netherlands",":flag_nl:",":nl:"
"1f1f3-1f1f4","norway",":flag_no:",":no:"
"1f1f3-1f1f5","nepal",":flag_np:",":np:"
"1f1f3-1f1f7","nauru",":flag_nr:",":nr:"
"1f1f3-1f1fa","niue",":flag_nu:",":nu:"
"1f1f3-1f1ff","new zealand",":flag_nz:",":nz:"
"1f1f4","regional indicator symbol letter o",":regional_indicator_o:",""
"1f1f4-1f1f2","oman",":flag_om:",":om:"
"1f1f5","regional indicator symbol letter p",":regional_indicator_p:",""
"1f1f5-1f1e6","panama",":flag_pa:",":pa:"
"1f1f5-1f1ea","peru",":flag_pe:",":pe:"
"1f1f5-1f1eb","french polynesia",":flag_pf:",":pf:"
"1f1f5-1f1ec","papua new guinea",":flag_pg:",":pg:"
"1f1f5-1f1ed","the philippines",":flag_ph:",":ph:"
"1f1f5-1f1f0","pakistan",":flag_pk:",":pk:"
"1f1f5-1f1f1","poland",":flag_pl:",":pl:"
"1f1f5-1f1f2","saint pierre and miquelon",":flag_pm:",":pm:"
"1f1f5-1f1f3","pitcairn",":flag_pn:",":pn:"
"1f1f5-1f1f7","puerto rico",":flag_pr:",":pr:"
"1f1f5-1f1f8","palestinian authority",":flag_ps:",":ps:"
"1f1f5-1f1f9","portugal",":flag_pt:",":pt:"
"1f1f5-1f1fc","palau",":flag_pw:",":pw:"
"1f1f5-1f1fe","paraguay",":flag_py:",":py:"
"1f1f6","regional indicator symbol letter q",":regional_indicator_q:",""
"1f1f6-1f1e6","qatar",":flag_qa:",":qa:"
"1f1f7","regional indicator symbol letter r",":regional_indicator_r:",""
"1f1f7-1f1ea","réunion",":flag_re:",":re:"
"1f1f7-1f1f4","romania",":flag_ro:",":ro:"
"1f1f7-1f1f8","serbia",":flag_rs:",":rs:"
"1f1f7-1f1fa","russia",":flag_ru:",":ru:"
"1f1f7-1f1fc","rwanda",":flag_rw:",":rw:"
"1f1f8","regional indicator symbol letter s",":regional_indicator_s:",""
"1f1f8-1f1e6","saudi arabia",":flag_sa:",":saudiarabia:|:saudi:"
"1f1f8-1f1e7","the solomon islands",":flag_sb:",":sb:"
"1f1f8-1f1e8","the seychelles",":flag_sc:",":sc:"
"1f1f8-1f1e9","sudan",":flag_sd:",":sd:"
"1f1f8-1f1ea","sweden",":flag_se:",":se:"
"1f1f8-1f1ec","singapore",":flag_sg:",":sg:"
"1f1f8-1f1ed","saint helena",":flag_sh:",":sh:"
"1f1f8-1f1ee","slovenia",":flag_si:",":si:"
"1f1f8-1f1ef","svalbard and jan mayen",":flag_sj:",":sj:"
"1f1f8-1f1f0","slovakia",":flag_sk:",":sk:"
"1f1f8-1f1f1","sierra leone",":flag_sl:",":sl:"
"1f1f8-1f1f2","san marino",":flag_sm:",":sm:"
"1f1f8-1f1f3","senegal",":flag_sn:",":sn:"
"1f1f8-1f1f4","somalia",":flag_so:",":so:"
"1f1f8-1f1f7","suriname",":flag_sr:",":sr:"
"1f1f8-1f1f8","south sudan",":flag_ss:",":ss:"
"1f1f8-1f1f9","são tomé and príncipe",":flag_st:",":st:"
"1f1f8-1f1fb","el salvador",":flag_sv:",":sv:"
"1f1f8-1f1fd","sint maarten",":flag_sx:",":sx:"
"1f1f8-1f1fe","syria",":flag_sy:",":sy:"
"1f1f8-1f1ff","swaziland",":flag_sz:",":sz:"
"1f1f9","regional indicator symbol letter t",":regional_indicator_t:",""
"1f1f9-1f1e6","tristan da cunha",":flag_ta:",":ta:"
"1f1f9-1f1e8","turks and caicos islands",":flag_tc:",":tc:"
"1f1f9-1f1e9","chad",":flag_td:",":td:"
"1f1f9-1f1eb","french southern territories",":flag_tf:",":tf:"
"1f1f9-1f1ec","togo",":flag_tg:",":tg:"
"1f1f9-1f1ed","thailand",":flag_th:",":th:"
"1f1f9-1f1ef","tajikistan",":flag_tj:",":tj:"
"1f1f9-1f1f0","tokelau",":flag_tk:",":tk:"
"1f1f9-1f1f1","timor-leste",":flag_tl:",":tl:"
"1f1f9-1f1f2","turkmenistan",":flag_tm:",":turkmenistan:"
"1f1f9-1f1f3","tunisia",":flag_tn:",":tn:"
"1f1f9-1f1f4","tonga",":flag_to:",":to:"
"1f1f9-1f1f7","turkey",":flag_tr:",":tr:"
"1f1f9-1f1f9","trinidad and tobago",":flag_tt:",":tt:"
"1f1f9-1f1fb","tuvalu",":flag_tv:",":tuvalu:"
"1f1f9-1f1fc","the republic of china",":flag_tw:",":tw:"
"1f1f9-1f1ff","tanzania",":flag_tz:",":tz:"
"1f1fa","regional indicator symbol letter u",":regional_indicator_u:",""
"1f1fa-1f1e6","ukraine",":flag_ua:",":ua:"
"1f1fa-1f1ec","uganda",":flag_ug:",":ug:"
"1f1fa-1f1f2","united states minor outlying islands",":flag_um:",":um:"
"1f1fa-1f1f8","united states",":flag_us:",":us:"
"1f1fa-1f1fe","uruguay",":flag_uy:",":uy:"
"1f1fa-1f1ff","uzbekistan",":flag_uz:",":uz:"
"1f1fb","regional indicator symbol letter v",":regional_indicator_v:",""
"1f1fb-1f1e6","the vatican city",":flag_va:",":va:"
"1f1fb-1f1e8","saint vincent and the grenadines",":flag_vc:",":vc:"
"1f1fb-1f1ea","venezuela",":flag_ve:",":ve:"
"1f1fb-1f1ec","british virgin islands",":flag_vg:",":vg:"
"1f1fb-1f1ee","u.s. virgin islands",":flag_vi:",":vi:"
"1f1fb-1f1f3","vietnam",":flag_vn:",":vn:"
"1f1fb-1f1fa","vanuatu",":flag_vu:",":vu:"
"1f1fc","regional indicator symbol letter w",":regional_indicator_w:",""
"1f1fc-1f1eb","wallis and futuna",":flag_wf:",":wf:"
"1f1fc-1f1f8","samoa",":flag_ws:",":ws:"
"1f1fd","regional indicator symbol letter x",":regional_indicator_x:",""
"1f1fd-1f1f0","kosovo",":flag_xk:",":xk:"
"1f1fe","regional indicator symbol letter y",":regional_indicator_y:",""
"1f1fe-1f1ea","yemen",":flag_ye:",":ye:"
"1f1fe-1f1f9","mayotte",":flag_yt:",":yt:"
"1f1ff","regional indicator symbol letter z",":regional_indicator_z:",""
"1f1ff-1f1e6","south africa",":flag_za:",":za:"
"1f1ff-1f1f2","zambia",":flag_zm:",":zm:"
"1f1ff-1f1fc","zimbabwe",":flag_zw:",":zw:"
"1f201","squared katakana koko",":koko:",""
"1f202","squared katakana sa",":sa:",""
"1f21a","squared cjk unified ideograph-7121",":u7121:",""
"1f22f","squared cjk unified ideograph-6307",":u6307:",""
"1f232","squared cjk unified ideograph-7981",":u7981:",""
"1f233","squared cjk unified ideograph-7a7a",":u7a7a:",""
"1f234","squared cjk unified ideograph-5408",":u5408:",""
"1f235","squared cjk unified ideograph-6e80",":u6e80:",""
"1f236","squared cjk unified ideograph-6709",":u6709:",""
"1f237","squared cjk unified ideograph-6708",":u6708:",""
"1f238","squared cjk unified ideograph-7533",":u7533:",""
"1f239","squared cjk unified ideograph-5272",":u5272:",""
"1f23a","squared cjk unified ideograph-55b6",":u55b6:",""
"1f250","circled ideograph advantage",":ideograph_advantage:",""
"1f251","circled ideograph accept",":accept:",""
"1f300","cyclone",":cyclone:",""
"1f301","foggy",":foggy:",""
"1f302","closed umbrella",":closed_umbrella:",""
"1f303","night with stars",":night_with_stars:",""
"1f304","sunrise over mountains",":sunrise_over_mountains:",""
"1f305","sunrise",":sunrise:",""
"1f306","cityscape at dusk",":city_dusk:",""
"1f307","sunset over buildings",":city_sunset:",":city_sunrise:"
"1f308","rainbow",":rainbow:",""
"1f309","bridge at night",":bridge_at_night:",""
"1f30a","water wave",":ocean:",""
"1f30b","volcano",":volcano:",""
"1f30c","milky way",":milky_way:",""
"1f30d","earth globe europe-africa",":earth_africa:",""
"1f30e","earth globe americas",":earth_americas:",""
"1f30f","earth globe asia-australia",":earth_asia:",""
"1f310","globe with meridians",":globe_with_meridians:",""
"1f311","new moon symbol",":new_moon:",""
"1f312","waxing crescent moon symbol",":waxing_crescent_moon:",""
"1f313","first quarter moon symbol",":first_quarter_moon:",""
"1f314","waxing gibbous moon symbol",":waxing_gibbous_moon:",""
"1f315","full moon symbol",":full_moon:",""
"1f316","waning gibbous moon symbol",":waning_gibbous_moon:",""
"1f317","last quarter moon symbol",":last_quarter_moon:",""
"1f318","waning crescent moon symbol",":waning_crescent_moon:",""
"1f319","crescent moon",":crescent_moon:",""
"1f31a","new moon with face",":new_moon_with_face:",""
"1f31b","first quarter moon with face",":first_quarter_moon_with_face:",""
"1f31c","last quarter moon with face",":last_quarter_moon_with_face:",""
"1f31d","full moon with face",":full_moon_with_face:",""
"1f31e","sun with face",":sun_with_face:",""
"1f31f","glowing star",":star2:",""
"1f320","shooting star",":stars:",""
"1f321","thermometer",":thermometer:",""
"1f324","white sun with small cloud",":white_sun_small_cloud:",":white_sun_with_small_cloud:"
"1f325","white sun behind cloud",":white_sun_cloud:",":white_sun_behind_cloud:"
"1f326","white sun behind cloud with rain",":white_sun_rain_cloud:",":white_sun_behind_cloud_with_rain:"
"1f327","cloud with rain",":cloud_rain:",":cloud_with_rain:"
"1f328","cloud with snow",":cloud_snow:",":cloud_with_snow:"
"1f329","cloud with lightning",":cloud_lightning:",":cloud_with_lightning:"
"1f32a","cloud with tornado",":cloud_tornado:",":cloud_with_tornado:"
"1f32b","fog",":fog:",""
"1f32c","wind blowing face",":wind_blowing_face:",""
"1f32d","hot dog",":hotdog:",":hot_dog:"
"1f32e","taco",":taco:",""
"1f32f","burrito",":burrito:",""
"1f330","chestnut",":chestnut:",""
"1f331","seedling",":seedling:",""
"1f332","evergreen tree",":evergreen_tree:",""
"1f333","deciduous tree",":deciduous_tree:",""
"1f334","palm tree",":palm_tree:",""
"1f335","cactus",":cactus:",""
"1f336","hot pepper",":hot_pepper:",""
"1f337","tulip",":tulip:",""
"1f338","cherry blossom",":cherry_blossom:",""
"1f339","rose",":rose:",""
"1f33a","hibiscus",":hibiscus:",""
"1f33b","sunflower",":sunflower:",""
"1f33c","blossom",":blossom:",""
"1f33d","ear of maize",":corn:",""
"1f33e","ear of rice",":ear_of_rice:",""
"1f33f","herb",":herb:",""
"1f340","four leaf clover",":four_leaf_clover:",""
"1f341","maple leaf",":maple_leaf:",""
"1f342","fallen leaf",":fallen_leaf:",""
"1f343","leaf fluttering in wind",":leaves:",""
"1f344","mushroom",":mushroom:",""
"1f345","tomato",":tomato:",""
"1f346","aubergine",":eggplant:",""
"1f347","grapes",":grapes:",""
"1f348","melon",":melon:",""
"1f349","watermelon",":watermelon:",""
"1f34a","tangerine",":tangerine:",""
"1f34b","lemon",":lemon:",""
"1f34c","banana",":banana:",""
"1f34d","pineapple",":pineapple:",""
"1f34e","red apple",":apple:",""
"1f34f","green apple",":green_apple:",""
"1f350","pear",":pear:",""
"1f351","peach",":peach:",""
"1f352","cherries",":cherries:",""
"1f353","strawberry",":strawberry:",""
"1f354","hamburger",":hamburger:",""
"1f355","slice of pizza",":pizza:",""
"1f356","meat on bone",":meat_on_bone:",""
"1f357","poultry leg",":poultry_leg:",""
"1f358","rice cracker",":rice_cracker:",""
"1f359","rice ball",":rice_ball:",""
"1f35a","cooked rice",":rice:",""
"1f35b","curry and rice",":curry:",""
"1f35c","steaming bowl",":ramen:",""
"1f35d","spaghetti",":spaghetti:",""
"1f35e","bread",":bread:",""
"1f35f","french fries",":fries:",""
"1f360","roasted sweet potato",":sweet_potato:",""
"1f361","dango",":dango:",""
"1f362","oden",":oden:",""
"1f363","sushi",":sushi:",""
"1f364","fried shrimp",":fried_shrimp:",""
"1f365","fish cake with swirl design",":fish_cake:",""
"1f366","soft ice cream",":icecream:",""
"1f367","shaved ice",":shaved_ice:",""
"1f368","ice cream",":ice_cream:",""
"1f369","doughnut",":doughnut:",""
"1f36a","cookie",":cookie:",""
"1f36b","chocolate bar",":chocolate_bar:",""
"1f36c","candy",":candy:",""
"1f36d","lollipop",":lollipop:",""
"1f36e","custard",":custard:",":pudding:|:flan:"
"1f36f","honey pot",":honey_pot:",""
"1f370","shortcake",":cake:",""
"1f371","bento box",":bento:",""
"1f372","pot of food",":stew:",""
"1f373","cooking",":cooking:",""
"1f374","fork and knife",":fork_and_knife:",""
"1f375","teacup without handle",":tea:",""
"1f376","sake bottle and cup",":sake:",""
"1f377","wine glass",":wine_glass:",""
"1f378","cocktail glass",":cocktail:",""
"1f379","tropical drink",":tropical_drink:",""
"1f37a","beer mug",":beer:",""
"1f37b","clinking beer mugs",":beers:",""
"1f37c","baby bottle",":baby_bottle:",""
"1f37d","fork and knife with plate",":fork_knife_plate:",":fork_and_knife_with_plate:"
"1f37e","bottle with popping cork",":champagne:",":bottle_with_popping_cork:"
"1f37f","popcorn",":popcorn:",""
"1f380","ribbon",":ribbon:",""
"1f381","wrapped present",":gift:",""
"1f382","birthday cake",":birthday:",""
"1f383","jack-o-lantern",":jack_o_lantern:",""
"1f384","christmas tree",":christmas_tree:",""
"1f385","father christmas",":santa:",""
"1f385-1f3fb","father christmas tone 1",":santa_tone1:",""
"1f385-1f3fc","father christmas tone 2",":santa_tone2:",""
"1f385-1f3fd","father christmas tone 3",":santa_tone3:",""
"1f385-1f3fe","father christmas tone 4",":santa_tone4:",""
"1f385-1f3ff","father christmas tone 5",":santa_tone5:",""
"1f386","fireworks",":fireworks:",""
"1f387","firework sparkler",":sparkler:",""
"1f388","balloon",":balloon:",""
"1f389","party popper",":tada:",""
"1f38a","confetti ball",":confetti_ball:",""
"1f38b","tanabata tree",":tanabata_tree:",""
"1f38c","crossed flags",":crossed_flags:",""
"1f38d","pine decoration",":bamboo:",""
"1f38e","japanese dolls",":dolls:",""
"1f38f","carp streamer",":flags:",""
"1f390","wind chime",":wind_chime:",""
"1f391","moon viewing ceremony",":rice_scene:",""
"1f392","school satchel",":school_satchel:",""
"1f393","graduation cap",":mortar_board:",""
"1f396","military medal",":military_medal:",""
"1f397","reminder ribbon",":reminder_ribbon:",""
"1f399","studio microphone",":microphone2:",":studio_microphone:"
"1f39a","level slider",":level_slider:",""
"1f39b","control knobs",":control_knobs:",""
"1f39e","film frames",":film_frames:",""
"1f39f","admission tickets",":tickets:",":admission_tickets:"
"1f3a0","carousel horse",":carousel_horse:",""
"1f3a1","ferris wheel",":ferris_wheel:",""
"1f3a2","roller coaster",":roller_coaster:",""
"1f3a3","fishing pole and fish",":fishing_pole_and_fish:",""
"1f3a4","microphone",":microphone:",""
"1f3a5","movie camera",":movie_camera:",""
"1f3a6","cinema",":cinema:",""
"1f3a7","headphone",":headphones:",""
"1f3a8","artist palette",":art:",""
"1f3a9","top hat",":tophat:",""
"1f3aa","circus tent",":circus_tent:",""
"1f3ab","ticket",":ticket:",""
"1f3ac","clapper board",":clapper:",""
"1f3ad","performing arts",":performing_arts:",""
"1f3ae","video game",":video_game:",""
"1f3af","direct hit",":dart:",""
"1f3b0","slot machine",":slot_machine:",""
"1f3b1","billiards",":8ball:",""
"1f3b2","game die",":game_die:",""
"1f3b3","bowling",":bowling:",""
"1f3b4","flower playing cards",":flower_playing_cards:",""
"1f3b5","musical note",":musical_note:",""
"1f3b6","multiple musical notes",":notes:",""
"1f3b7","saxophone",":saxophone:",""
"1f3b8","guitar",":guitar:",""
"1f3b9","musical keyboard",":musical_keyboard:",""
"1f3ba","trumpet",":trumpet:",""
"1f3bb","violin",":violin:",""
"1f3bc","musical score",":musical_score:",""
"1f3bd","running shirt with sash",":running_shirt_with_sash:",""
"1f3be","tennis racquet and ball",":tennis:",""
"1f3bf","ski and ski boot",":ski:",""
"1f3c0","basketball and hoop",":basketball:",""
"1f3c1","chequered flag",":checkered_flag:",""
"1f3c2","snowboarder",":snowboarder:",""
"1f3c3","runner",":runner:",""
"1f3c3-1f3fb","runner tone 1",":runner_tone1:",""
"1f3c3-1f3fc","runner tone 2",":runner_tone2:",""
"1f3c3-1f3fd","runner tone 3",":runner_tone3:",""
"1f3c3-1f3fe","runner tone 4",":runner_tone4:",""
"1f3c3-1f3ff","runner tone 5",":runner_tone5:",""
"1f3c4","surfer",":surfer:",""
"1f3c4-1f3fb","surfer tone 1",":surfer_tone1:",""
"1f3c4-1f3fc","surfer tone 2",":surfer_tone2:",""
"1f3c4-1f3fd","surfer tone 3",":surfer_tone3:",""
"1f3c4-1f3fe","surfer tone 4",":surfer_tone4:",""
"1f3c4-1f3ff","surfer tone 5",":surfer_tone5:",""
"1f3c5","sports medal",":medal:",":sports_medal:"
"1f3c6","trophy",":trophy:",""
"1f3c7","horse racing",":horse_racing:",""
"1f3c7-1f3fb","horse racing tone 1",":horse_racing_tone1:",""
"1f3c7-1f3fc","horse racing tone 2",":horse_racing_tone2:",""
"1f3c7-1f3fd","horse racing tone 3",":horse_racing_tone3:",""
"1f3c7-1f3fe","horse racing tone 4",":horse_racing_tone4:",""
"1f3c7-1f3ff","horse racing tone 5",":horse_racing_tone5:",""
"1f3c8","american football",":football:",""
"1f3c9","rugby football",":rugby_football:",""
"1f3ca","swimmer",":swimmer:",""
"1f3ca-1f3fb","swimmer tone 1",":swimmer_tone1:",""
"1f3ca-1f3fc","swimmer tone 2",":swimmer_tone2:",""
"1f3ca-1f3fd","swimmer tone 3",":swimmer_tone3:",""
"1f3ca-1f3fe","swimmer tone 4",":swimmer_tone4:",""
"1f3ca-1f3ff","swimmer tone 5",":swimmer_tone5:",""
"1f3cb","weight lifter",":lifter:",":weight_lifter:"
"1f3cb-1f3fb","weight lifter tone 1",":lifter_tone1:",":weight_lifter_tone1:"
"1f3cb-1f3fc","weight lifter tone 2",":lifter_tone2:",":weight_lifter_tone2:"
"1f3cb-1f3fd","weight lifter tone 3",":lifter_tone3:",":weight_lifter_tone3:"
"1f3cb-1f3fe","weight lifter tone 4",":lifter_tone4:",":weight_lifter_tone4:"
"1f3cb-1f3ff","weight lifter tone 5",":lifter_tone5:",":weight_lifter_tone5:"
"1f3cc","golfer",":golfer:",""
"1f3cd","racing motorcycle",":motorcycle:",":racing_motorcycle:"
"1f3ce","racing car",":race_car:",":racing_car:"
"1f3cf","cricket bat and ball",":cricket:",":cricket_bat_ball:"
"1f3d0","volleyball",":volleyball:",""
"1f3d1","field hockey stick and ball",":field_hockey:",""
"1f3d2","ice hockey stick and puck",":hockey:",""
"1f3d3","table tennis paddle and ball",":ping_pong:",":table_tennis:"
"1f3d4","snow capped mountain",":mountain_snow:",":snow_capped_mountain:"
"1f3d5","camping",":camping:",""
"1f3d6","beach with umbrella",":beach:",":beach_with_umbrella:"
"1f3d7","building construction",":construction_site:",":building_construction:"
"1f3d8","house buildings",":homes:",":house_buildings:"
"1f3d9","cityscape",":cityscape:",""
"1f3da","derelict house building",":house_abandoned:",":derelict_house_building:"
"1f3db","classical building",":classical_building:",""
"1f3dc","desert",":desert:",""
"1f3dd","desert island",":island:",":desert_island:"
"1f3de","national park",":park:",":national_park:"
"1f3df","stadium",":stadium:",""
"1f3e0","house building",":house:",""
"1f3e1","house with garden",":house_with_garden:",""
"1f3e2","office building",":office:",""
"1f3e3","japanese post office",":post_office:",""
"1f3e4","european post office",":european_post_office:",""
"1f3e5","hospital",":hospital:",""
"1f3e6","bank",":bank:",""
"1f3e7","automated teller machine",":atm:",""
"1f3e8","hotel",":hotel:",""
"1f3e9","love hotel",":love_hotel:",""
"1f3ea","convenience store",":convenience_store:",""
"1f3eb","school",":school:",""
"1f3ec","department store",":department_store:",""
"1f3ed","factory",":factory:",""
"1f3ee","izakaya lantern",":izakaya_lantern:",""
"1f3ef","japanese castle",":japanese_castle:",""
"1f3f0","european castle",":european_castle:",""
"1f3f3","waving white flag",":flag_white:",":waving_white_flag:"
"1f3f3-1f308","gay_pride_flag",":gay_pride_flag:",":rainbow_flag:"
"1f3f4","waving black flag",":flag_black:",":waving_black_flag:"
"1f3f5","rosette",":rosette:",""
"1f3f7","label",":label:",""
"1f3f8","badminton racquet",":badminton:",""
"1f3f9","bow and arrow",":bow_and_arrow:",":archery:"
"1f3fa","amphora",":amphora:",""
"1f3fb","emoji modifier fitzpatrick type-1-2",":tone1:",""
"1f3fc","emoji modifier fitzpatrick type-3",":tone2:",""
"1f3fd","emoji modifier fitzpatrick type-4",":tone3:",""
"1f3fe","emoji modifier fitzpatrick type-5",":tone4:",""
"1f3ff","emoji modifier fitzpatrick type-6",":tone5:",""
"1f400","rat",":rat:",""
"1f401","mouse",":mouse2:",""
"1f402","ox",":ox:",""
"1f403","water buffalo",":water_buffalo:",""
"1f404","cow",":cow2:",""
"1f405","tiger",":tiger2:",""
"1f406","leopard",":leopard:",""
"1f407","rabbit",":rabbit2:",""
"1f408","cat",":cat2:",""
"1f409","dragon",":dragon:",""
"1f40a","crocodile",":crocodile:",""
"1f40b","whale",":whale2:",""
"1f40c","snail",":snail:",""
"1f40d","snake",":snake:",""
"1f40e","horse",":racehorse:",""
"1f40f","ram",":ram:",""
"1f410","goat",":goat:",""
"1f411","sheep",":sheep:",""
"1f412","monkey",":monkey:",""
"1f413","rooster",":rooster:",""
"1f414","chicken",":chicken:",""
"1f415","dog",":dog2:",""
"1f416","pig",":pig2:",""
"1f417","boar",":boar:",""
"1f418","elephant",":elephant:",""
"1f419","octopus",":octopus:",""
"1f41a","spiral shell",":shell:",""
"1f41b","bug",":bug:",""
"1f41c","ant",":ant:",""
"1f41d","honeybee",":bee:",""
"1f41e","lady beetle",":beetle:",""
"1f41f","fish",":fish:",""
"1f420","tropical fish",":tropical_fish:",""
"1f421","blowfish",":blowfish:",""
"1f422","turtle",":turtle:",""
"1f423","hatching chick",":hatching_chick:",""
"1f424","baby chick",":baby_chick:",""
"1f425","front-facing baby chick",":hatched_chick:",""
"1f426","bird",":bird:",""
"1f427","penguin",":penguin:",""
"1f428","koala",":koala:",""
"1f429","poodle",":poodle:",""
"1f42a","dromedary camel",":dromedary_camel:",""
"1f42b","bactrian camel",":camel:",""
"1f42c","dolphin",":dolphin:",""
"1f42d","mouse face",":mouse:",""
"1f42e","cow face",":cow:",""
"1f42f","tiger face",":tiger:",""
"1f430","rabbit face",":rabbit:",""
"1f431","cat face",":cat:",""
"1f432","dragon face",":dragon_face:",""
"1f433","spouting whale",":whale:",""
"1f434","horse face",":horse:",""
"1f435","monkey face",":monkey_face:",""
"1f436","dog face",":dog:",""
"1f437","pig face",":pig:",""
"1f438","frog face",":frog:",""
"1f439","hamster face",":hamster:",""
"1f43a","wolf face",":wolf:",""
"1f43b","bear face",":bear:",""
"1f43c","panda face",":panda_face:",""
"1f43d","pig nose",":pig_nose:",""
"1f43e","paw prints",":feet:",":paw_prints:"
"1f43f","chipmunk",":chipmunk:",""
"1f440","eyes",":eyes:",""
"1f441","eye",":eye:",""
"1f441-1f5e8","eye in speech bubble",":eye_in_speech_bubble:",""
"1f442","ear",":ear:",""
"1f442-1f3fb","ear tone 1",":ear_tone1:",""
"1f442-1f3fc","ear tone 2",":ear_tone2:",""
"1f442-1f3fd","ear tone 3",":ear_tone3:",""
"1f442-1f3fe","ear tone 4",":ear_tone4:",""
"1f442-1f3ff","ear tone 5",":ear_tone5:",""
"1f443","nose",":nose:",""
"1f443-1f3fb","nose tone 1",":nose_tone1:",""
"1f443-1f3fc","nose tone 2",":nose_tone2:",""
"1f443-1f3fd","nose tone 3",":nose_tone3:",""
"1f443-1f3fe","nose tone 4",":nose_tone4:",""
"1f443-1f3ff","nose tone 5",":nose_tone5:",""
"1f444","mouth",":lips:",""
"1f445","tongue",":tongue:",""
"1f446","white up pointing backhand index",":point_up_2:",""
"1f446-1f3fb","white up pointing backhand index tone 1",":point_up_2_tone1:",""
"1f446-1f3fc","white up pointing backhand index tone 2",":point_up_2_tone2:",""
"1f446-1f3fd","white up pointing backhand index tone 3",":point_up_2_tone3:",""
"1f446-1f3fe","white up pointing backhand index tone 4",":point_up_2_tone4:",""
"1f446-1f3ff","white up pointing backhand index tone 5",":point_up_2_tone5:",""
"1f447","white down pointing backhand index",":point_down:",""
"1f447-1f3fb","white down pointing backhand index tone 1",":point_down_tone1:",""
"1f447-1f3fc","white down pointing backhand index tone 2",":point_down_tone2:",""
"1f447-1f3fd","white down pointing backhand index tone 3",":point_down_tone3:",""
"1f447-1f3fe","white down pointing backhand index tone 4",":point_down_tone4:",""
"1f447-1f3ff","white down pointing backhand index tone 5",":point_down_tone5:",""
"1f448","white left pointing backhand index",":point_left:",""
"1f448-1f3fb","white left pointing backhand index tone 1",":point_left_tone1:",""
"1f448-1f3fc","white left pointing backhand index tone 2",":point_left_tone2:",""
"1f448-1f3fd","white left pointing backhand index tone 3",":point_left_tone3:",""
"1f448-1f3fe","white left pointing backhand index tone 4",":point_left_tone4:",""
"1f448-1f3ff","white left pointing backhand index tone 5",":point_left_tone5:",""
"1f449","white right pointing backhand index",":point_right:",""
"1f449-1f3fb","white right pointing backhand index tone 1",":point_right_tone1:",""
"1f449-1f3fc","white right pointing backhand index tone 2",":point_right_tone2:",""
"1f449-1f3fd","white right pointing backhand index tone 3",":point_right_tone3:",""
"1f449-1f3fe","white right pointing backhand index tone 4",":point_right_tone4:",""
"1f449-1f3ff","white right pointing backhand index tone 5",":point_right_tone5:",""
"1f44a","fisted hand sign",":punch:",""
"1f44a-1f3fb","fisted hand sign tone 1",":punch_tone1:",""
"1f44a-1f3fc","fisted hand sign tone 2",":punch_tone2:",""
"1f44a-1f3fd","fisted hand sign tone 3",":punch_tone3:",""
"1f44a-1f3fe","fisted hand sign tone 4",":punch_tone4:",""
"1f44a-1f3ff","fisted hand sign tone 5",":punch_tone5:",""
"1f44b","waving hand sign",":wave:",""
"1f44b-1f3fb","waving hand sign tone 1",":wave_tone1:",""
"1f44b-1f3fc","waving hand sign tone 2",":wave_tone2:",""
"1f44b-1f3fd","waving hand sign tone 3",":wave_tone3:",""
"1f44b-1f3fe","waving hand sign tone 4",":wave_tone4:",""
"1f44b-1f3ff","waving hand sign tone 5",":wave_tone5:",""
"1f44c","ok hand sign",":ok_hand:",""
"1f44c-1f3fb","ok hand sign tone 1",":ok_hand_tone1:",""
"1f44c-1f3fc","ok hand sign tone 2",":ok_hand_tone2:",""
"1f44c-1f3fd","ok hand sign tone 3",":ok_hand_tone3:",""
"1f44c-1f3fe","ok hand sign tone 4",":ok_hand_tone4:",""
"1f44c-1f3ff","ok hand sign tone 5",":ok_hand_tone5:",""
"1f44d","thumbs up sign",":thumbsup:",":+1:|:thumbup:"
"1f44d-1f3fb","thumbs up sign tone 1",":thumbsup_tone1:",":+1_tone1:|:thumbup_tone1:"
"1f44d-1f3fc","thumbs up sign tone 2",":thumbsup_tone2:",":+1_tone2:|:thumbup_tone2:"
"1f44d-1f3fd","thumbs up sign tone 3",":thumbsup_tone3:",":+1_tone3:|:thumbup_tone3:"
"1f44d-1f3fe","thumbs up sign tone 4",":thumbsup_tone4:",":+1_tone4:|:thumbup_tone4:"
"1f44d-1f3ff","thumbs up sign tone 5",":thumbsup_tone5:",":+1_tone5:|:thumbup_tone5:"
"1f44e","thumbs down sign",":thumbsdown:",":-1:|:thumbdown:"
"1f44e-1f3fb","thumbs down sign tone 1",":thumbsdown_tone1:",":-1_tone1:|:thumbdown_tone1:"
"1f44e-1f3fc","thumbs down sign tone 2",":thumbsdown_tone2:",":-1_tone2:|:thumbdown_tone2:"
"1f44e-1f3fd","thumbs down sign tone 3",":thumbsdown_tone3:",":-1_tone3:|:thumbdown_tone3:"
"1f44e-1f3fe","thumbs down sign tone 4",":thumbsdown_tone4:",":-1_tone4:|:thumbdown_tone4:"
"1f44e-1f3ff","thumbs down sign tone 5",":thumbsdown_tone5:",":-1_tone5:|:thumbdown_tone5:"
"1f44f","clapping hands sign",":clap:",""
"1f44f-1f3fb","clapping hands sign tone 1",":clap_tone1:",""
"1f44f-1f3fc","clapping hands sign tone 2",":clap_tone2:",""
"1f44f-1f3fd","clapping hands sign tone 3",":clap_tone3:",""
"1f44f-1f3fe","clapping hands sign tone 4",":clap_tone4:",""
"1f44f-1f3ff","clapping hands sign tone 5",":clap_tone5:",""
"1f450","open hands sign",":open_hands:",""
"1f450-1f3fb","open hands sign tone 1",":open_hands_tone1:",""
"1f450-1f3fc","open hands sign tone 2",":open_hands_tone2:",""
"1f450-1f3fd","open hands sign tone 3",":open_hands_tone3:",""
"1f450-1f3fe","open hands sign tone 4",":open_hands_tone4:",""
"1f450-1f3ff","open hands sign tone 5",":open_hands_tone5:",""
"1f451","crown",":crown:",""
"1f452","womans hat",":womans_hat:",""
"1f453","eyeglasses",":eyeglasses:",""
"1f454","necktie",":necktie:",""
"1f455","t-shirt",":shirt:",""
"1f456","jeans",":jeans:",""
"1f457","dress",":dress:",""
"1f458","kimono",":kimono:",""
"1f459","bikini",":bikini:",""
"1f45a","womans clothes",":womans_clothes:",""
"1f45b","purse",":purse:",""
"1f45c","handbag",":handbag:",""
"1f45d","pouch",":pouch:",""
"1f45e","mans shoe",":mans_shoe:",""
"1f45f","athletic shoe",":athletic_shoe:",""
"1f460","high-heeled shoe",":high_heel:",""
"1f461","womans sandal",":sandal:",""
"1f462","womans boots",":boot:",""
"1f463","footprints",":footprints:",""
"1f464","bust in silhouette",":bust_in_silhouette:",""
"1f465","busts in silhouette",":busts_in_silhouette:",""
"1f466","boy",":boy:",""
"1f466-1f3fb","boy tone 1",":boy_tone1:",""
"1f466-1f3fc","boy tone 2",":boy_tone2:",""
"1f466-1f3fd","boy tone 3",":boy_tone3:",""
"1f466-1f3fe","boy tone 4",":boy_tone4:",""
"1f466-1f3ff","boy tone 5",":boy_tone5:",""
"1f467","girl",":girl:",""
"1f467-1f3fb","girl tone 1",":girl_tone1:",""
"1f467-1f3fc","girl tone 2",":girl_tone2:",""
"1f467-1f3fd","girl tone 3",":girl_tone3:",""
"1f467-1f3fe","girl tone 4",":girl_tone4:",""
"1f467-1f3ff","girl tone 5",":girl_tone5:",""
"1f468","man",":man:",""
"1f468-1f3fb","man tone 1",":man_tone1:",""
"1f468-1f3fc","man tone 2",":man_tone2:",""
"1f468-1f3fd","man tone 3",":man_tone3:",""
"1f468-1f3fe","man tone 4",":man_tone4:",""
"1f468-1f3ff","man tone 5",":man_tone5:",""
"1f468-1f468-1f466","family (man,man,boy)",":family_mmb:",""
"1f468-1f468-1f466-1f466","family (man,man,boy,boy)",":family_mmbb:",""
"1f468-1f468-1f467","family (man,man,girl)",":family_mmg:",""
"1f468-1f468-1f467-1f466","family (man,man,girl,boy)",":family_mmgb:",""
"1f468-1f468-1f467-1f467","family (man,man,girl,girl)",":family_mmgg:",""
"1f468-1f469-1f466-1f466","family (man,woman,boy,boy)",":family_mwbb:",""
"1f468-1f469-1f467","family (man,woman,girl)",":family_mwg:",""
"1f468-1f469-1f467-1f466","family (man,woman,girl,boy)",":family_mwgb:",""
"1f468-1f469-1f467-1f467","family (man,woman,girl,girl)",":family_mwgg:",""
"1f468-2764-1f468","couple (man,man)",":couple_mm:",":couple_with_heart_mm:"
"1f468-2764-1f48b-1f468","kiss (man,man)",":kiss_mm:",":couplekiss_mm:"
"1f469","woman",":woman:",""
"1f469-1f3fb","woman tone 1",":woman_tone1:",""
"1f469-1f3fc","woman tone 2",":woman_tone2:",""
"1f469-1f3fd","woman tone 3",":woman_tone3:",""
"1f469-1f3fe","woman tone 4",":woman_tone4:",""
"1f469-1f3ff","woman tone 5",":woman_tone5:",""
"1f469-1f469-1f466","family (woman,woman,boy)",":family_wwb:",""
"1f469-1f469-1f466-1f466","family (woman,woman,boy,boy)",":family_wwbb:",""
"1f469-1f469-1f467","family (woman,woman,girl)",":family_wwg:",""
"1f469-1f469-1f467-1f466","family (woman,woman,girl,boy)",":family_wwgb:",""
"1f469-1f469-1f467-1f467","family (woman,woman,girl,girl)",":family_wwgg:",""
"1f469-2764-1f469","couple (woman,woman)",":couple_ww:",":couple_with_heart_ww:"
"1f469-2764-1f48b-1f469","kiss (woman,woman)",":kiss_ww:",":couplekiss_ww:"
"1f46a","family",":family:",""
"1f46b","man and woman holding hands",":couple:",""
"1f46c","two men holding hands",":two_men_holding_hands:",""
"1f46d","two women holding hands",":two_women_holding_hands:",""
"1f46e","police officer",":cop:",""
"1f46e-1f3fb","police officer tone 1",":cop_tone1:",""
"1f46e-1f3fc","police officer tone 2",":cop_tone2:",""
"1f46e-1f3fd","police officer tone 3",":cop_tone3:",""
"1f46e-1f3fe","police officer tone 4",":cop_tone4:",""
"1f46e-1f3ff","police officer tone 5",":cop_tone5:",""
"1f46f","woman with bunny ears",":dancers:",""
"1f470","bride with veil",":bride_with_veil:",""
"1f470-1f3fb","bride with veil tone 1",":bride_with_veil_tone1:",""
"1f470-1f3fc","bride with veil tone 2",":bride_with_veil_tone2:",""
"1f470-1f3fd","bride with veil tone 3",":bride_with_veil_tone3:",""
"1f470-1f3fe","bride with veil tone 4",":bride_with_veil_tone4:",""
"1f470-1f3ff","bride with veil tone 5",":bride_with_veil_tone5:",""
"1f471","person with blond hair",":person_with_blond_hair:",""
"1f471-1f3fb","person with blond hair tone 1",":person_with_blond_hair_tone1:",""
"1f471-1f3fc","person with blond hair tone 2",":person_with_blond_hair_tone2:",""
"1f471-1f3fd","person with blond hair tone 3",":person_with_blond_hair_tone3:",""
"1f471-1f3fe","person with blond hair tone 4",":person_with_blond_hair_tone4:",""
"1f471-1f3ff","person with blond hair tone 5",":person_with_blond_hair_tone5:",""
"1f472","man with gua pi mao",":man_with_gua_pi_mao:",""
"1f472-1f3fb","man with gua pi mao tone 1",":man_with_gua_pi_mao_tone1:",""
"1f472-1f3fc","man with gua pi mao tone 2",":man_with_gua_pi_mao_tone2:",""
"1f472-1f3fd","man with gua pi mao tone 3",":man_with_gua_pi_mao_tone3:",""
"1f472-1f3fe","man with gua pi mao tone 4",":man_with_gua_pi_mao_tone4:",""
"1f472-1f3ff","man with gua pi mao tone 5",":man_with_gua_pi_mao_tone5:",""
"1f473","man with turban",":man_with_turban:",""
"1f473-1f3fb","man with turban tone 1",":man_with_turban_tone1:",""
"1f473-1f3fc","man with turban tone 2",":man_with_turban_tone2:",""
"1f473-1f3fd","man with turban tone 3",":man_with_turban_tone3:",""
"1f473-1f3fe","man with turban tone 4",":man_with_turban_tone4:",""
"1f473-1f3ff","man with turban tone 5",":man_with_turban_tone5:",""
"1f474","older man",":older_man:",""
"1f474-1f3fb","older man tone 1",":older_man_tone1:",""
"1f474-1f3fc","older man tone 2",":older_man_tone2:",""
"1f474-1f3fd","older man tone 3",":older_man_tone3:",""
"1f474-1f3fe","older man tone 4",":older_man_tone4:",""
"1f474-1f3ff","older man tone 5",":older_man_tone5:",""
"1f475","older woman",":older_woman:",":grandma:"
"1f475-1f3fb","older woman tone 1",":older_woman_tone1:",":grandma_tone1:"
"1f475-1f3fc","older woman tone 2",":older_woman_tone2:",":grandma_tone2:"
"1f475-1f3fd","older woman tone 3",":older_woman_tone3:",":grandma_tone3:"
"1f475-1f3fe","older woman tone 4",":older_woman_tone4:",":grandma_tone4:"
"1f475-1f3ff","older woman tone 5",":older_woman_tone5:",":grandma_tone5:"
"1f476","baby",":baby:",""
"1f476-1f3fb","baby tone 1",":baby_tone1:",""
"1f476-1f3fc","baby tone 2",":baby_tone2:",""
"1f476-1f3fd","baby tone 3",":baby_tone3:",""
"1f476-1f3fe","baby tone 4",":baby_tone4:",""
"1f476-1f3ff","baby tone 5",":baby_tone5:",""
"1f477","construction worker",":construction_worker:",""
"1f477-1f3fb","construction worker tone 1",":construction_worker_tone1:",""
"1f477-1f3fc","construction worker tone 2",":construction_worker_tone2:",""
"1f477-1f3fd","construction worker tone 3",":construction_worker_tone3:",""
"1f477-1f3fe","construction worker tone 4",":construction_worker_tone4:",""
"1f477-1f3ff","construction worker tone 5",":construction_worker_tone5:",""
"1f478","princess",":princess:",""
"1f478-1f3fb","princess tone 1",":princess_tone1:",""
"1f478-1f3fc","princess tone 2",":princess_tone2:",""
"1f478-1f3fd","princess tone 3",":princess_tone3:",""
"1f478-1f3fe","princess tone 4",":princess_tone4:",""
"1f478-1f3ff","princess tone 5",":princess_tone5:",""
"1f479","japanese ogre",":japanese_ogre:",""
"1f47a","japanese goblin",":japanese_goblin:",""
"1f47b","ghost",":ghost:",""
"1f47c","baby angel",":angel:",""
"1f47c-1f3fb","baby angel tone 1",":angel_tone1:",""
"1f47c-1f3fc","baby angel tone 2",":angel_tone2:",""
"1f47c-1f3fd","baby angel tone 3",":angel_tone3:",""
"1f47c-1f3fe","baby angel tone 4",":angel_tone4:",""
"1f47c-1f3ff","baby angel tone 5",":angel_tone5:",""
"1f47d","extraterrestrial alien",":alien:",""
"1f47e","alien monster",":space_invader:",""
"1f47f","imp",":imp:",""
"1f480","skull",":skull:",":skeleton:"
"1f481","information desk person",":information_desk_person:",""
"1f481-1f3fb","information desk person tone 1",":information_desk_person_tone1:",""
"1f481-1f3fc","information desk person tone 2",":information_desk_person_tone2:",""
"1f481-1f3fd","information desk person tone 3",":information_desk_person_tone3:",""
"1f481-1f3fe","information desk person tone 4",":information_desk_person_tone4:",""
"1f481-1f3ff","information desk person tone 5",":information_desk_person_tone5:",""
"1f482","guardsman",":guardsman:",""
"1f482-1f3fb","guardsman tone 1",":guardsman_tone1:",""
"1f482-1f3fc","guardsman tone 2",":guardsman_tone2:",""
"1f482-1f3fd","guardsman tone 3",":guardsman_tone3:",""
"1f482-1f3fe","guardsman tone 4",":guardsman_tone4:",""
"1f482-1f3ff","guardsman tone 5",":guardsman_tone5:",""
"1f483","dancer",":dancer:",""
"1f483-1f3fb","dancer tone 1",":dancer_tone1:",""
"1f483-1f3fc","dancer tone 2",":dancer_tone2:",""
"1f483-1f3fd","dancer tone 3",":dancer_tone3:",""
"1f483-1f3fe","dancer tone 4",":dancer_tone4:",""
"1f483-1f3ff","dancer tone 5",":dancer_tone5:",""
"1f484","lipstick",":lipstick:",""
"1f485","nail polish",":nail_care:",""
"1f485-1f3fb","nail polish tone 1",":nail_care_tone1:",""
"1f485-1f3fc","nail polish tone 2",":nail_care_tone2:",""
"1f485-1f3fd","nail polish tone 3",":nail_care_tone3:",""
"1f485-1f3fe","nail polish tone 4",":nail_care_tone4:",""
"1f485-1f3ff","nail polish tone 5",":nail_care_tone5:",""
"1f486","face massage",":massage:",""
"1f486-1f3fb","face massage tone 1",":massage_tone1:",""
"1f486-1f3fc","face massage tone 2",":massage_tone2:",""
"1f486-1f3fd","face massage tone 3",":massage_tone3:",""
"1f486-1f3fe","face massage tone 4",":massage_tone4:",""
"1f486-1f3ff","face massage tone 5",":massage_tone5:",""
"1f487","haircut",":haircut:",""
"1f487-1f3fb","haircut tone 1",":haircut_tone1:",""
"1f487-1f3fc","haircut tone 2",":haircut_tone2:",""
"1f487-1f3fd","haircut tone 3",":haircut_tone3:",""
"1f487-1f3fe","haircut tone 4",":haircut_tone4:",""
"1f487-1f3ff","haircut tone 5",":haircut_tone5:",""
"1f488","barber pole",":barber:",""
"1f489","syringe",":syringe:",""
"1f48a","pill",":pill:",""
"1f48b","kiss mark",":kiss:",""
"1f48c","love letter",":love_letter:",""
"1f48d","ring",":ring:",""
"1f48e","gem stone",":gem:",""
"1f48f","kiss",":couplekiss:",""
"1f490","bouquet",":bouquet:",""
"1f491","couple with heart",":couple_with_heart:",""
"1f492","wedding",":wedding:",""
"1f493","beating heart",":heartbeat:",""
"1f494","broken heart",":broken_heart:",""
"1f495","two hearts",":two_hearts:",""
"1f496","sparkling heart",":sparkling_heart:",""
"1f497","growing heart",":heartpulse:",""
"1f498","heart with arrow",":cupid:",""
"1f499","blue heart",":blue_heart:",""
"1f49a","green heart",":green_heart:",""
"1f49b","yellow heart",":yellow_heart:",""
"1f49c","purple heart",":purple_heart:",""
"1f49d","heart with ribbon",":gift_heart:",""
"1f49e","revolving hearts",":revolving_hearts:",""
"1f49f","heart decoration",":heart_decoration:",""
"1f4a0","diamond shape with a dot inside",":diamond_shape_with_a_dot_inside:",""
"1f4a1","electric light bulb",":bulb:",""
"1f4a2","anger symbol",":anger:",""
"1f4a3","bomb",":bomb:",""
"1f4a4","sleeping symbol",":zzz:",""
"1f4a5","collision symbol",":boom:",""
"1f4a6","splashing sweat symbol",":sweat_drops:",""
"1f4a7","droplet",":droplet:",""
"1f4a8","dash symbol",":dash:",""
"1f4a9","pile of poo",":poop:",":shit:|:hankey:|:poo:"
"1f4aa","flexed biceps",":muscle:",""
"1f4aa-1f3fb","flexed biceps tone 1",":muscle_tone1:",""
"1f4aa-1f3fc","flexed biceps tone 2",":muscle_tone2:",""
"1f4aa-1f3fd","flexed biceps tone 3",":muscle_tone3:",""
"1f4aa-1f3fe","flexed biceps tone 4",":muscle_tone4:",""
"1f4aa-1f3ff","flexed biceps tone 5",":muscle_tone5:",""
"1f4ab","dizzy symbol",":dizzy:",""
"1f4ac","speech balloon",":speech_balloon:",""
"1f4ad","thought balloon",":thought_balloon:",""
"1f4ae","white flower",":white_flower:",""
"1f4af","hundred points symbol",":100:",""
"1f4b0","money bag",":moneybag:",""
"1f4b1","currency exchange",":currency_exchange:",""
"1f4b2","heavy dollar sign",":heavy_dollar_sign:",""
"1f4b3","credit card",":credit_card:",""
"1f4b4","banknote with yen sign",":yen:",""
"1f4b5","banknote with dollar sign",":dollar:",""
"1f4b6","banknote with euro sign",":euro:",""
"1f4b7","banknote with pound sign",":pound:",""
"1f4b8","money with wings",":money_with_wings:",""
"1f4b9","chart with upwards trend and yen sign",":chart:",""
"1f4ba","seat",":seat:",""
"1f4bb","personal computer",":computer:",""
"1f4bc","briefcase",":briefcase:",""
"1f4bd","minidisc",":minidisc:",""
"1f4be","floppy disk",":floppy_disk:",""
"1f4bf","optical disc",":cd:",""
"1f4c0","dvd",":dvd:",""
"1f4c1","file folder",":file_folder:",""
"1f4c2","open file folder",":open_file_folder:",""
"1f4c3","page with curl",":page_with_curl:",""
"1f4c4","page facing up",":page_facing_up:",""
"1f4c5","calendar",":date:",""
"1f4c6","tear-off calendar",":calendar:",""
"1f4c7","card index",":card_index:",""
"1f4c8","chart with upwards trend",":chart_with_upwards_trend:",""
"1f4c9","chart with downwards trend",":chart_with_downwards_trend:",""
"1f4ca","bar chart",":bar_chart:",""
"1f4cb","clipboard",":clipboard:",""
"1f4cc","pushpin",":pushpin:",""
"1f4cd","round pushpin",":round_pushpin:",""
"1f4ce","paperclip",":paperclip:",""
"1f4cf","straight ruler",":straight_ruler:",""
"1f4d0","triangular ruler",":triangular_ruler:",""
"1f4d1","bookmark tabs",":bookmark_tabs:",""
"1f4d2","ledger",":ledger:",""
"1f4d3","notebook",":notebook:",""
"1f4d4","notebook with decorative cover",":notebook_with_decorative_cover:",""
"1f4d5","closed book",":closed_book:",""
"1f4d6","open book",":book:",""
"1f4d7","green book",":green_book:",""
"1f4d8","blue book",":blue_book:",""
"1f4d9","orange book",":orange_book:",""
"1f4da","books",":books:",""
"1f4db","name badge",":name_badge:",""
"1f4dc","scroll",":scroll:",""
"1f4dd","memo",":pencil:",""
"1f4de","telephone receiver",":telephone_receiver:",""
"1f4df","pager",":pager:",""
"1f4e0","fax machine",":fax:",""
"1f4e1","satellite antenna",":satellite:",""
"1f4e2","public address loudspeaker",":loudspeaker:",""
"1f4e3","cheering megaphone",":mega:",""
"1f4e4","outbox tray",":outbox_tray:",""
"1f4e5","inbox tray",":inbox_tray:",""
"1f4e6","package",":package:",""
"1f4e7","e-mail symbol",":e-mail:",":email:"
"1f4e8","incoming envelope",":incoming_envelope:",""
"1f4e9","envelope with downwards arrow above",":envelope_with_arrow:",""
"1f4ea","closed mailbox with lowered flag",":mailbox_closed:",""
"1f4eb","closed mailbox with raised flag",":mailbox:",""
"1f4ec","open mailbox with raised flag",":mailbox_with_mail:",""
"1f4ed","open mailbox with lowered flag",":mailbox_with_no_mail:",""
"1f4ee","postbox",":postbox:",""
"1f4ef","postal horn",":postal_horn:",""
"1f4f0","newspaper",":newspaper:",""
"1f4f1","mobile phone",":iphone:",""
"1f4f2","mobile phone with rightwards arrow at left",":calling:",""
"1f4f3","vibration mode",":vibration_mode:",""
"1f4f4","mobile phone off",":mobile_phone_off:",""
"1f4f5","no mobile phones",":no_mobile_phones:",""
"1f4f6","antenna with bars",":signal_strength:",""
"1f4f7","camera",":camera:",""
"1f4f8","camera with flash",":camera_with_flash:",""
"1f4f9","video camera",":video_camera:",""
"1f4fa","television",":tv:",""
"1f4fb","radio",":radio:",""
"1f4fc","videocassette",":vhs:",""
"1f4fd","film projector",":projector:",":film_projector:"
"1f4ff","prayer beads",":prayer_beads:",""
"1f500","twisted rightwards arrows",":twisted_rightwards_arrows:",""
"1f501","clockwise rightwards and leftwards open circle arrows",":repeat:",""
"1f502","clockwise rightwards and leftwards open circle arrows with circled one overlay",":repeat_one:",""
"1f503","clockwise downwards and upwards open circle arrows",":arrows_clockwise:",""
"1f504","anticlockwise downwards and upwards open circle arrows",":arrows_counterclockwise:",""
"1f505","low brightness symbol",":low_brightness:",""
"1f506","high brightness symbol",":high_brightness:",""
"1f507","speaker with cancellation stroke",":mute:",""
"1f508","speaker",":speaker:",""
"1f509","speaker with one sound wave",":sound:",""
"1f50a","speaker with three sound waves",":loud_sound:",""
"1f50b","battery",":battery:",""
"1f50c","electric plug",":electric_plug:",""
"1f50d","left-pointing magnifying glass",":mag:",""
"1f50e","right-pointing magnifying glass",":mag_right:",""
"1f50f","lock with ink pen",":lock_with_ink_pen:",""
"1f510","closed lock with key",":closed_lock_with_key:",""
"1f511","key",":key:",""
"1f512","lock",":lock:",""
"1f513","open lock",":unlock:",""
"1f514","bell",":bell:",""
"1f515","bell with cancellation stroke",":no_bell:",""
"1f516","bookmark",":bookmark:",""
"1f517","link symbol",":link:",""
"1f518","radio button",":radio_button:",""
"1f519","back with leftwards arrow above",":back:",""
"1f51a","end with leftwards arrow above",":end:",""
"1f51b","on with exclamation mark with left right arrow abo",":on:",""
"1f51c","soon with rightwards arrow above",":soon:",""
"1f51d","top with upwards arrow above",":top:",""
"1f51e","no one under eighteen symbol",":underage:",""
"1f51f","keycap ten",":keycap_ten:",""
"1f520","input symbol for latin capital letters",":capital_abcd:",""
"1f521","input symbol for latin small letters",":abcd:",""
"1f522","input symbol for numbers",":1234:",""
"1f523","input symbol for symbols",":symbols:",""
"1f524","input symbol for latin letters",":abc:",""
"1f525","fire",":fire:",":flame:"
"1f526","electric torch",":flashlight:",""
"1f527","wrench",":wrench:",""
"1f528","hammer",":hammer:",""
"1f529","nut and bolt",":nut_and_bolt:",""
"1f52a","hocho",":knife:",""
"1f52b","pistol",":gun:",""
"1f52c","microscope",":microscope:",""
"1f52d","telescope",":telescope:",""
"1f52e","crystal ball",":crystal_ball:",""
"1f52f","six pointed star with middle dot",":six_pointed_star:",""
"1f530","japanese symbol for beginner",":beginner:",""
"1f531","trident emblem",":trident:",""
"1f532","black square button",":black_square_button:",""
"1f533","white square button",":white_square_button:",""
"1f534","large red circle",":red_circle:",""
"1f535","large blue circle",":large_blue_circle:",""
"1f536","large orange diamond",":large_orange_diamond:",""
"1f537","large blue diamond",":large_blue_diamond:",""
"1f538","small orange diamond",":small_orange_diamond:",""
"1f539","small blue diamond",":small_blue_diamond:",""
"1f53a","up-pointing red triangle",":small_red_triangle:",""
"1f53b","down-pointing red triangle",":small_red_triangle_down:",""
"1f53c","up-pointing small red triangle",":arrow_up_small:",""
"1f53d","down-pointing small red triangle",":arrow_down_small:",""
"1f549","om symbol",":om_symbol:",""
"1f54a","dove of peace",":dove:",":dove_of_peace:"
"1f54b","kaaba",":kaaba:",""
"1f54c","mosque",":mosque:",""
"1f54d","synagogue",":synagogue:",""
"1f54e","menorah with nine branches",":menorah:",""
"1f550","clock face one oclock",":clock1:",""
"1f551","clock face two oclock",":clock2:",""
"1f552","clock face three oclock",":clock3:",""
"1f553","clock face four oclock",":clock4:",""
"1f554","clock face five oclock",":clock5:",""
"1f555","clock face six oclock",":clock6:",""
"1f556","clock face seven oclock",":clock7:",""
"1f557","clock face eight oclock",":clock8:",""
"1f558","clock face nine oclock",":clock9:",""
"1f559","clock face ten oclock",":clock10:",""
"1f55a","clock face eleven oclock",":clock11:",""
"1f55b","clock face twelve oclock",":clock12:",""
"1f55c","clock face one-thirty",":clock130:",""
"1f55d","clock face two-thirty",":clock230:",""
"1f55e","clock face three-thirty",":clock330:",""
"1f55f","clock face four-thirty",":clock430:",""
"1f560","clock face five-thirty",":clock530:",""
"1f561","clock face six-thirty",":clock630:",""
"1f562","clock face seven-thirty",":clock730:",""
"1f563","clock face eight-thirty",":clock830:",""
"1f564","clock face nine-thirty",":clock930:",""
"1f565","clock face ten-thirty",":clock1030:",""
"1f566","clock face eleven-thirty",":clock1130:",""
"1f567","clock face twelve-thirty",":clock1230:",""
"1f56f","candle",":candle:",""
"1f570","mantlepiece clock",":clock:",":mantlepiece_clock:"
"1f573","hole",":hole:",""
"1f574","man in business suit levitating",":levitate:",":man_in_business_suit_levitating:"
"1f575","sleuth or spy",":spy:",":sleuth_or_spy:"
"1f575-1f3fb","sleuth or spy tone 1",":spy_tone1:",":sleuth_or_spy_tone1:"
"1f575-1f3fc","sleuth or spy tone 2",":spy_tone2:",":sleuth_or_spy_tone2:"
"1f575-1f3fd","sleuth or spy tone 3",":spy_tone3:",":sleuth_or_spy_tone3:"
"1f575-1f3fe","sleuth or spy tone 4",":spy_tone4:",":sleuth_or_spy_tone4:"
"1f575-1f3ff","sleuth or spy tone 5",":spy_tone5:",":sleuth_or_spy_tone5:"
"1f576","dark sunglasses",":dark_sunglasses:",""
"1f577","spider",":spider:",""
"1f578","spider web",":spider_web:",""
"1f579","joystick",":joystick:",""
"1f57a","man dancing",":man_dancing:",":male_dancer:"
"1f57a-1f3fb","man dancing tone 1",":man_dancing_tone1:",":male_dancer_tone1:"
"1f57a-1f3fc","man dancing tone 2",":man_dancing_tone2:",":male_dancer_tone2:"
"1f57a-1f3fd","man dancing tone 3",":man_dancing_tone3:",":male_dancer_tone3:"
"1f57a-1f3fe","man dancing tone 4",":man_dancing_tone4:",":male_dancer_tone4:"
"1f57a-1f3ff","man dancing tone 5",":man_dancing_tone5:",":male_dancer_tone5:"
"1f587","linked paperclips",":paperclips:",":linked_paperclips:"
"1f58a","lower left ballpoint pen",":pen_ballpoint:",":lower_left_ballpoint_pen:"
"1f58b","lower left fountain pen",":pen_fountain:",":lower_left_fountain_pen:"
"1f58c","lower left paintbrush",":paintbrush:",":lower_left_paintbrush:"
"1f58d","lower left crayon",":crayon:",":lower_left_crayon:"
"1f590","raised hand with fingers splayed",":hand_splayed:",":raised_hand_with_fingers_splayed:"
"1f590-1f3fb","raised hand with fingers splayed tone 1",":hand_splayed_tone1:",":raised_hand_with_fingers_splayed_tone1:"
"1f590-1f3fc","raised hand with fingers splayed tone 2",":hand_splayed_tone2:",":raised_hand_with_fingers_splayed_tone2:"
"1f590-1f3fd","raised hand with fingers splayed tone 3",":hand_splayed_tone3:",":raised_hand_with_fingers_splayed_tone3:"
"1f590-1f3fe","raised hand with fingers splayed tone 4",":hand_splayed_tone4:",":raised_hand_with_fingers_splayed_tone4:"
"1f590-1f3ff","raised hand with fingers splayed tone 5",":hand_splayed_tone5:",":raised_hand_with_fingers_splayed_tone5:"
"1f595","reversed hand with middle finger extended",":middle_finger:",":reversed_hand_with_middle_finger_extended:"
"1f595-1f3fb","reversed hand with middle finger extended tone 1",":middle_finger_tone1:",":reversed_hand_with_middle_finger_extended_tone1:"
"1f595-1f3fc","reversed hand with middle finger extended tone 2",":middle_finger_tone2:",":reversed_hand_with_middle_finger_extended_tone2:"
"1f595-1f3fd","reversed hand with middle finger extended tone 3",":middle_finger_tone3:",":reversed_hand_with_middle_finger_extended_tone3:"
"1f595-1f3fe","reversed hand with middle finger extended tone 4",":middle_finger_tone4:",":reversed_hand_with_middle_finger_extended_tone4:"
"1f595-1f3ff","reversed hand with middle finger extended tone 5",":middle_finger_tone5:",":reversed_hand_with_middle_finger_extended_tone5:"
"1f596","raised hand with part between middle and ring fingers",":vulcan:",":raised_hand_with_part_between_middle_and_ring_fingers:"
"1f596-1f3fb","raised hand with part between middle and ring fingers tone 1",":vulcan_tone1:",":raised_hand_with_part_between_middle_and_ring_fingers_tone1:"
"1f596-1f3fc","raised hand with part between middle and ring fingers tone 2",":vulcan_tone2:",":raised_hand_with_part_between_middle_and_ring_fingers_tone2:"
"1f596-1f3fd","raised hand with part between middle and ring fingers tone 3",":vulcan_tone3:",":raised_hand_with_part_between_middle_and_ring_fingers_tone3:"
"1f596-1f3fe","raised hand with part between middle and ring fingers tone 4",":vulcan_tone4:",":raised_hand_with_part_between_middle_and_ring_fingers_tone4:"
"1f596-1f3ff","raised hand with part between middle and ring fingers tone 5",":vulcan_tone5:",":raised_hand_with_part_between_middle_and_ring_fingers_tone5:"
"1f5a4","black heart",":black_heart:",""
"1f5a5","desktop computer",":desktop:",":desktop_computer:"
"1f5a8","printer",":printer:",""
"1f5b1","three button mouse",":mouse_three_button:",":three_button_mouse:"
"1f5b2","trackball",":trackball:",""
"1f5bc","frame with picture",":frame_photo:",":frame_with_picture:"
"1f5c2","card index dividers",":dividers:",":card_index_dividers:"
"1f5c3","card file box",":card_box:",":card_file_box:"
"1f5c4","file cabinet",":file_cabinet:",""
"1f5d1","wastebasket",":wastebasket:",""
"1f5d2","spiral note pad",":notepad_spiral:",":spiral_note_pad:"
"1f5d3","spiral calendar pad",":calendar_spiral:",":spiral_calendar_pad:"
"1f5dc","compression",":compression:",""
"1f5dd","old key",":key2:",":old_key:"
"1f5de","rolled-up newspaper",":newspaper2:",":rolled_up_newspaper:"
"1f5e1","dagger knife",":dagger:",":dagger_knife:"
"1f5e3","speaking head in silhouette",":speaking_head:",":speaking_head_in_silhouette:"
"1f5e8","left speech bubble",":speech_left:",":left_speech_bubble:"
"1f5ef","right anger bubble",":anger_right:",":right_anger_bubble:"
"1f5f3","ballot box with ballot",":ballot_box:",":ballot_box_with_ballot:"
"1f5fa","world map",":map:",":world_map:"
"1f5fb","mount fuji",":mount_fuji:",""
"1f5fc","tokyo tower",":tokyo_tower:",""
"1f5fd","statue of liberty",":statue_of_liberty:",""
"1f5fe","silhouette of japan",":japan:",""
"1f5ff","moyai",":moyai:",""
"1f600","grinning face",":grinning:",""
"1f601","grinning face with smiling eyes",":grin:",""
"1f602","face with tears of joy",":joy:",""
"1f603","smiling face with open mouth",":smiley:",""
"1f604","smiling face with open mouth and smiling eyes",":smile:",""
"1f605","smiling face with open mouth and cold sweat",":sweat_smile:",""
"1f606","smiling face with open mouth and tightly-closed eyes",":laughing:",":satisfied:"
"1f607","smiling face with halo",":innocent:",""
"1f608","smiling face with horns",":smiling_imp:",""
"1f609","winking face",":wink:",""
"1f60a","smiling face with smiling eyes",":blush:",""
"1f60b","face savouring delicious food",":yum:",""
"1f60c","relieved face",":relieved:",""
"1f60d","smiling face with heart-shaped eyes",":heart_eyes:",""
"1f60e","smiling face with sunglasses",":sunglasses:",""
"1f60f","smirking face",":smirk:",""
"1f610","neutral face",":neutral_face:",""
"1f611","expressionless face",":expressionless:",""
"1f612","unamused face",":unamused:",""
"1f613","face with cold sweat",":sweat:",""
"1f614","pensive face",":pensive:",""
"1f615","confused face",":confused:",""
"1f616","confounded face",":confounded:",""
"1f617","kissing face",":kissing:",""
"1f618","face throwing a kiss",":kissing_heart:",""
"1f619","kissing face with smiling eyes",":kissing_smiling_eyes:",""
"1f61a","kissing face with closed eyes",":kissing_closed_eyes:",""
"1f61b","face with stuck-out tongue",":stuck_out_tongue:",""
"1f61c","face with stuck-out tongue and winking eye",":stuck_out_tongue_winking_eye:",""
"1f61d","face with stuck-out tongue and tightly-closed eyes",":stuck_out_tongue_closed_eyes:",""
"1f61e","disappointed face",":disappointed:",""
"1f61f","worried face",":worried:",""
"1f620","angry face",":angry:",""
"1f621","pouting face",":rage:",""
"1f622","crying face",":cry:",""
"1f623","persevering face",":persevere:",""
"1f624","face with look of triumph",":triumph:",""
"1f625","disappointed but relieved face",":disappointed_relieved:",""
"1f626","frowning face with open mouth",":frowning:",""
"1f627","anguished face",":anguished:",""
"1f628","fearful face",":fearful:",""
"1f629","weary face",":weary:",""
"1f62a","sleepy face",":sleepy:",""
"1f62b","tired face",":tired_face:",""
"1f62c","grimacing face",":grimacing:",""
"1f62d","loudly crying face",":sob:",""
"1f62e","face with open mouth",":open_mouth:",""
"1f62f","hushed face",":hushed:",""
"1f630","face with open mouth and cold sweat",":cold_sweat:",""
"1f631","face screaming in fear",":scream:",""
"1f632","astonished face",":astonished:",""
"1f633","flushed face",":flushed:",""
"1f634","sleeping face",":sleeping:",""
"1f635","dizzy face",":dizzy_face:",""
"1f636","face without mouth",":no_mouth:",""
"1f637","face with medical mask",":mask:",""
"1f638","grinning cat face with smiling eyes",":smile_cat:",""
"1f639","cat face with tears of joy",":joy_cat:",""
"1f63a","smiling cat face with open mouth",":smiley_cat:",""
"1f63b","smiling cat face with heart-shaped eyes",":heart_eyes_cat:",""
"1f63c","cat face with wry smile",":smirk_cat:",""
"1f63d","kissing cat face with closed eyes",":kissing_cat:",""
"1f63e","pouting cat face",":pouting_cat:",""
"1f63f","crying cat face",":crying_cat_face:",""
"1f640","weary cat face",":scream_cat:",""
"1f641","slightly frowning face",":slight_frown:",":slightly_frowning_face:"
"1f642","slightly smiling face",":slight_smile:",":slightly_smiling_face:"
"1f643","upside-down face",":upside_down:",":upside_down_face:"
"1f644","face with rolling eyes",":rolling_eyes:",":face_with_rolling_eyes:"
"1f645","face with no good gesture",":no_good:",""
"1f645-1f3fb","face with no good gesture tone 1",":no_good_tone1:",""
"1f645-1f3fc","face with no good gesture tone 2",":no_good_tone2:",""
"1f645-1f3fd","face with no good gesture tone 3",":no_good_tone3:",""
"1f645-1f3fe","face with no good gesture tone 4",":no_good_tone4:",""
"1f645-1f3ff","face with no good gesture tone 5",":no_good_tone5:",""
"1f646","face with ok gesture",":ok_woman:",""
"1f646-1f3fb","face with ok gesture tone1",":ok_woman_tone1:",""
"1f646-1f3fc","face with ok gesture tone2",":ok_woman_tone2:",""
"1f646-1f3fd","face with ok gesture tone3",":ok_woman_tone3:",""
"1f646-1f3fe","face with ok gesture tone4",":ok_woman_tone4:",""
"1f646-1f3ff","face with ok gesture tone5",":ok_woman_tone5:",""
"1f647","person bowing deeply",":bow:",""
"1f647-1f3fb","person bowing deeply tone 1",":bow_tone1:",""
"1f647-1f3fc","person bowing deeply tone 2",":bow_tone2:",""
"1f647-1f3fd","person bowing deeply tone 3",":bow_tone3:",""
"1f647-1f3fe","person bowing deeply tone 4",":bow_tone4:",""
"1f647-1f3ff","person bowing deeply tone 5",":bow_tone5:",""
"1f648","see-no-evil monkey",":see_no_evil:",""
"1f649","hear-no-evil monkey",":hear_no_evil:",""
"1f64a","speak-no-evil monkey",":speak_no_evil:",""
"1f64b","happy person raising one hand",":raising_hand:",""
"1f64b-1f3fb","happy person raising one hand tone1",":raising_hand_tone1:",""
"1f64b-1f3fc","happy person raising one hand tone2",":raising_hand_tone2:",""
"1f64b-1f3fd","happy person raising one hand tone3",":raising_hand_tone3:",""
"1f64b-1f3fe","happy person raising one hand tone4",":raising_hand_tone4:",""
"1f64b-1f3ff","happy person raising one hand tone5",":raising_hand_tone5:",""
"1f64c","person raising both hands in celebration",":raised_hands:",""
"1f64c-1f3fb","person raising both hands in celebration tone 1",":raised_hands_tone1:",""
"1f64c-1f3fc","person raising both hands in celebration tone 2",":raised_hands_tone2:",""
"1f64c-1f3fd","person raising both hands in celebration tone 3",":raised_hands_tone3:",""
"1f64c-1f3fe","person raising both hands in celebration tone 4",":raised_hands_tone4:",""
"1f64c-1f3ff","person raising both hands in celebration tone 5",":raised_hands_tone5:",""
"1f64d","person frowning",":person_frowning:",""
"1f64d-1f3fb","person frowning tone 1",":person_frowning_tone1:",""
"1f64d-1f3fc","person frowning tone 2",":person_frowning_tone2:",""
"1f64d-1f3fd","person frowning tone 3",":person_frowning_tone3:",""
"1f64d-1f3fe","person frowning tone 4",":person_frowning_tone4:",""
"1f64d-1f3ff","person frowning tone 5",":person_frowning_tone5:",""
"1f64e","person with pouting face",":person_with_pouting_face:",""
"1f64e-1f3fb","person with pouting face tone1",":person_with_pouting_face_tone1:",""
"1f64e-1f3fc","person with pouting face tone2",":person_with_pouting_face_tone2:",""
"1f64e-1f3fd","person with pouting face tone3",":person_with_pouting_face_tone3:",""
"1f64e-1f3fe","person with pouting face tone4",":person_with_pouting_face_tone4:",""
"1f64e-1f3ff","person with pouting face tone5",":person_with_pouting_face_tone5:",""
"1f64f","person with folded hands",":pray:",""
"1f64f-1f3fb","person with folded hands tone 1",":pray_tone1:",""
"1f64f-1f3fc","person with folded hands tone 2",":pray_tone2:",""
"1f64f-1f3fd","person with folded hands tone 3",":pray_tone3:",""
"1f64f-1f3fe","person with folded hands tone 4",":pray_tone4:",""
"1f64f-1f3ff","person with folded hands tone 5",":pray_tone5:",""
"1f680","rocket",":rocket:",""
"1f681","helicopter",":helicopter:",""
"1f682","steam locomotive",":steam_locomotive:",""
"1f683","railway car",":railway_car:",""
"1f684","high-speed train",":bullettrain_side:",""
"1f685","high-speed train with bullet nose",":bullettrain_front:",""
"1f686","train",":train2:",""
"1f687","metro",":metro:",""
"1f688","light rail",":light_rail:",""
"1f689","station",":station:",""
"1f68a","tram",":tram:",""
"1f68b","tram car",":train:",""
"1f68c","bus",":bus:",""
"1f68d","oncoming bus",":oncoming_bus:",""
"1f68e","trolleybus",":trolleybus:",""
"1f68f","bus stop",":busstop:",""
"1f690","minibus",":minibus:",""
"1f691","ambulance",":ambulance:",""
"1f692","fire engine",":fire_engine:",""
"1f693","police car",":police_car:",""
"1f694","oncoming police car",":oncoming_police_car:",""
"1f695","taxi",":taxi:",""
"1f696","oncoming taxi",":oncoming_taxi:",""
"1f697","automobile",":red_car:",""
"1f698","oncoming automobile",":oncoming_automobile:",""
"1f699","recreational vehicle",":blue_car:",""
"1f69a","delivery truck",":truck:",""
"1f69b","articulated lorry",":articulated_lorry:",""
"1f69c","tractor",":tractor:",""
"1f69d","monorail",":monorail:",""
"1f69e","mountain railway",":mountain_railway:",""
"1f69f","suspension railway",":suspension_railway:",""
"1f6a0","mountain cableway",":mountain_cableway:",""
"1f6a1","aerial tramway",":aerial_tramway:",""
"1f6a2","ship",":ship:",""
"1f6a3","rowboat",":rowboat:",""
"1f6a3-1f3fb","rowboat tone 1",":rowboat_tone1:",""
"1f6a3-1f3fc","rowboat tone 2",":rowboat_tone2:",""
"1f6a3-1f3fd","rowboat tone 3",":rowboat_tone3:",""
"1f6a3-1f3fe","rowboat tone 4",":rowboat_tone4:",""
"1f6a3-1f3ff","rowboat tone 5",":rowboat_tone5:",""
"1f6a4","speedboat",":speedboat:",""
"1f6a5","horizontal traffic light",":traffic_light:",""
"1f6a6","vertical traffic light",":vertical_traffic_light:",""
"1f6a7","construction sign",":construction:",""
"1f6a8","police cars revolving light",":rotating_light:",""
"1f6a9","triangular flag on post",":triangular_flag_on_post:",""
"1f6aa","door",":door:",""
"1f6ab","no entry sign",":no_entry_sign:",""
"1f6ac","smoking symbol",":smoking:",""
"1f6ad","no smoking symbol",":no_smoking:",""
"1f6ae","put litter in its place symbol",":put_litter_in_its_place:",""
"1f6af","do not litter symbol",":do_not_litter:",""
"1f6b0","potable water symbol",":potable_water:",""
"1f6b1","non-potable water symbol",":non-potable_water:",""
"1f6b2","bicycle",":bike:",""
"1f6b3","no bicycles",":no_bicycles:",""
"1f6b4","bicyclist",":bicyclist:",""
"1f6b4-1f3fb","bicyclist tone 1",":bicyclist_tone1:",""
"1f6b4-1f3fc","bicyclist tone 2",":bicyclist_tone2:",""
"1f6b4-1f3fd","bicyclist tone 3",":bicyclist_tone3:",""
"1f6b4-1f3fe","bicyclist tone 4",":bicyclist_tone4:",""
"1f6b4-1f3ff","bicyclist tone 5",":bicyclist_tone5:",""
"1f6b5","mountain bicyclist",":mountain_bicyclist:",""
"1f6b5-1f3fb","mountain bicyclist tone 1",":mountain_bicyclist_tone1:",""
"1f6b5-1f3fc","mountain bicyclist tone 2",":mountain_bicyclist_tone2:",""
"1f6b5-1f3fd","mountain bicyclist tone 3",":mountain_bicyclist_tone3:",""
"1f6b5-1f3fe","mountain bicyclist tone 4",":mountain_bicyclist_tone4:",""
"1f6b5-1f3ff","mountain bicyclist tone 5",":mountain_bicyclist_tone5:",""
"1f6b6","pedestrian",":walking:",""
"1f6b6-1f3fb","pedestrian tone 1",":walking_tone1:",""
"1f6b6-1f3fc","pedestrian tone 2",":walking_tone2:",""
"1f6b6-1f3fd","pedestrian tone 3",":walking_tone3:",""
"1f6b6-1f3fe","pedestrian tone 4",":walking_tone4:",""
"1f6b6-1f3ff","pedestrian tone 5",":walking_tone5:",""
"1f6b7","no pedestrians",":no_pedestrians:",""
"1f6b8","children crossing",":children_crossing:",""
"1f6b9","mens symbol",":mens:",""
"1f6ba","womens symbol",":womens:",""
"1f6bb","restroom",":restroom:",""
"1f6bc","baby symbol",":baby_symbol:",""
"1f6bd","toilet",":toilet:",""
"1f6be","water closet",":wc:",""
"1f6bf","shower",":shower:",""
"1f6c0","bath",":bath:",""
"1f6c0-1f3fb","bath tone 1",":bath_tone1:",""
"1f6c0-1f3fc","bath tone 2",":bath_tone2:",""
"1f6c0-1f3fd","bath tone 3",":bath_tone3:",""
"1f6c0-1f3fe","bath tone 4",":bath_tone4:",""
"1f6c0-1f3ff","bath tone 5",":bath_tone5:",""
"1f6c1","bathtub",":bathtub:",""
"1f6c2","passport control",":passport_control:",""
"1f6c3","customs",":customs:",""
"1f6c4","baggage claim",":baggage_claim:",""
"1f6c5","left luggage",":left_luggage:",""
"1f6cb","couch and lamp",":couch:",":couch_and_lamp:"
"1f6cc","sleeping accommodation",":sleeping_accommodation:",""
"1f6cd","shopping bags",":shopping_bags:",""
"1f6ce","bellhop bell",":bellhop:",":bellhop_bell:"
"1f6cf","bed",":bed:",""
"1f6d0","place of worship",":place_of_worship:",":worship_symbol:"
"1f6d1","octagonal sign",":octagonal_sign:",":stop_sign:"
"1f6d2","shopping trolley",":shopping_cart:",":shopping_trolley:"
"1f6e0","hammer and wrench",":tools:",":hammer_and_wrench:"
"1f6e1","shield",":shield:",""
"1f6e2","oil drum",":oil:",":oil_drum:"
"1f6e3","motorway",":motorway:",""
"1f6e4","railway track",":railway_track:",":railroad_track:"
"1f6e5","motorboat",":motorboat:",""
"1f6e9","small airplane",":airplane_small:",":small_airplane:"
"1f6eb","airplane departure",":airplane_departure:",""
"1f6ec","airplane arriving",":airplane_arriving:",""
"1f6f0","satellite",":satellite_orbital:",""
"1f6f3","passenger ship",":cruise_ship:",":passenger_ship:"
"1f6f4","scooter",":scooter:",""
"1f6f5","motor scooter",":motor_scooter:",":motorbike:"
"1f6f6","canoe",":canoe:",":kayak:"
"1f910","zipper-mouth face",":zipper_mouth:",":zipper_mouth_face:"
"1f911","money-mouth face",":money_mouth:",":money_mouth_face:"
"1f912","face with thermometer",":thermometer_face:",":face_with_thermometer:"
"1f913","nerd face",":nerd:",":nerd_face:"
"1f914","thinking face",":thinking:",":thinking_face:"
"1f915","face with head-bandage",":head_bandage:",":face_with_head_bandage:"
"1f916","robot face",":robot:",":robot_face:"
"1f917","hugging face",":hugging:",":hugging_face:"
"1f918","sign of the horns",":metal:",":sign_of_the_horns:"
"1f918-1f3fb","sign of the horns tone 1",":metal_tone1:",":sign_of_the_horns_tone1:"
"1f918-1f3fc","sign of the horns tone 2",":metal_tone2:",":sign_of_the_horns_tone2:"
"1f918-1f3fd","sign of the horns tone 3",":metal_tone3:",":sign_of_the_horns_tone3:"
"1f918-1f3fe","sign of the horns tone 4",":metal_tone4:",":sign_of_the_horns_tone4:"
"1f918-1f3ff","sign of the horns tone 5",":metal_tone5:",":sign_of_the_horns_tone5:"
"1f919","call me hand",":call_me:",":call_me_hand:"
"1f919-1f3fb","call me hand tone 1",":call_me_tone1:",":call_me_hand_tone1:"
"1f919-1f3fc","call me hand tone 2",":call_me_tone2:",":call_me_hand_tone2:"
"1f919-1f3fd","call me hand tone 3",":call_me_tone3:",":call_me_hand_tone3:"
"1f919-1f3fe","call me hand tone 4",":call_me_tone4:",":call_me_hand_tone4:"
"1f919-1f3ff","call me hand tone 5",":call_me_tone5:",":call_me_hand_tone5:"
"1f91a","raised back of hand",":raised_back_of_hand:",":back_of_hand:"
"1f91a-1f3fb","raised back of hand tone 1",":raised_back_of_hand_tone1:",":back_of_hand_tone1:"
"1f91a-1f3fc","raised back of hand tone 2",":raised_back_of_hand_tone2:",":back_of_hand_tone2:"
"1f91a-1f3fd","raised back of hand tone 3",":raised_back_of_hand_tone3:",":back_of_hand_tone3:"
"1f91a-1f3fe","raised back of hand tone 4",":raised_back_of_hand_tone4:",":back_of_hand_tone4:"
"1f91a-1f3ff","raised back of hand tone 5",":raised_back_of_hand_tone5:",":back_of_hand_tone5:"
"1f91b","left-facing fist",":left_facing_fist:",":left_fist:"
"1f91b-1f3fb","left facing fist tone 1",":left_facing_fist_tone1:",":left_fist_tone1:"
"1f91b-1f3fc","left facing fist tone 2",":left_facing_fist_tone2:",":left_fist_tone2:"
"1f91b-1f3fd","left facing fist tone 3",":left_facing_fist_tone3:",":left_fist_tone3:"
"1f91b-1f3fe","left facing fist tone 4",":left_facing_fist_tone4:",":left_fist_tone4:"
"1f91b-1f3ff","left facing fist tone 5",":left_facing_fist_tone5:",":left_fist_tone5:"
"1f91c","right-facing fist",":right_facing_fist:",":right_fist:"
"1f91c-1f3fb","right facing fist tone 1",":right_facing_fist_tone1:",":right_fist_tone1:"
"1f91c-1f3fc","right facing fist tone 2",":right_facing_fist_tone2:",":right_fist_tone2:"
"1f91c-1f3fd","right facing fist tone 3",":right_facing_fist_tone3:",":right_fist_tone3:"
"1f91c-1f3fe","right facing fist tone 4",":right_facing_fist_tone4:",":right_fist_tone4:"
"1f91c-1f3ff","right facing fist tone 5",":right_facing_fist_tone5:",":right_fist_tone5:"
"1f91d","handshake",":handshake:",":shaking_hands:"
"1f91d-1f3fb","handshake tone 1",":handshake_tone1:",":shaking_hands_tone1:"
"1f91d-1f3fc","handshake tone 2",":handshake_tone2:",":shaking_hands_tone2:"
"1f91d-1f3fd","handshake tone 3",":handshake_tone3:",":shaking_hands_tone3:"
"1f91d-1f3fe","handshake tone 4",":handshake_tone4:",":shaking_hands_tone4:"
"1f91d-1f3ff","handshake tone 5",":handshake_tone5:",":shaking_hands_tone5:"
"1f91e","hand with first and index finger crossed",":fingers_crossed:",":hand_with_index_and_middle_finger_crossed:"
"1f91e-1f3fb","hand with index and middle fingers crossed tone 1",":fingers_crossed_tone1:",":hand_with_index_and_middle_fingers_crossed_tone1:"
"1f91e-1f3fc","hand with index and middle fingers crossed tone 2",":fingers_crossed_tone2:",":hand_with_index_and_middle_fingers_crossed_tone2:"
"1f91e-1f3fd","hand with index and middle fingers crossed tone 3",":fingers_crossed_tone3:",":hand_with_index_and_middle_fingers_crossed_tone3:"
"1f91e-1f3fe","hand with index and middle fingers crossed tone 4",":fingers_crossed_tone4:",":hand_with_index_and_middle_fingers_crossed_tone4:"
"1f91e-1f3ff","hand with index and middle fingers crossed tone 5",":fingers_crossed_tone5:",":hand_with_index_and_middle_fingers_crossed_tone5:"
"1f920","face with cowboy hat",":cowboy:",":face_with_cowboy_hat:"
"1f921","clown face",":clown:",":clown_face:"
"1f922","nauseated face",":nauseated_face:",":sick:"
"1f923","rolling on the floor laughing",":rofl:",":rolling_on_the_floor_laughing:"
"1f924","drooling face",":drooling_face:",":drool:"
"1f925","lying face",":lying_face:",":liar:"
"1f926","face palm",":face_palm:",":facepalm:"
"1f926-1f3fb","face palm tone 1",":face_palm_tone1:",":facepalm_tone1:"
"1f926-1f3fc","face palm tone 2",":face_palm_tone2:",":facepalm_tone2:"
"1f926-1f3fd","face palm tone 3",":face_palm_tone3:",":facepalm_tone3:"
"1f926-1f3fe","face palm tone 4",":face_palm_tone4:",":facepalm_tone4:"
"1f926-1f3ff","face palm tone 5",":face_palm_tone5:",":facepalm_tone5:"
"1f927","sneezing face",":sneezing_face:",":sneeze:"
"1f930","pregnant woman",":pregnant_woman:",":expecting_woman:"
"1f930-1f3fb","pregnant woman tone 1",":pregnant_woman_tone1:",":expecting_woman_tone1:"
"1f930-1f3fc","pregnant woman tone 2",":pregnant_woman_tone2:",":expecting_woman_tone2:"
"1f930-1f3fd","pregnant woman tone 3",":pregnant_woman_tone3:",":expecting_woman_tone3:"
"1f930-1f3fe","pregnant woman tone 4",":pregnant_woman_tone4:",":expecting_woman_tone4:"
"1f930-1f3ff","pregnant woman tone 5",":pregnant_woman_tone5:",":expecting_woman_tone5:"
"1f933","selfie",":selfie:",""
"1f933-1f3fb","selfie tone 1",":selfie_tone1:",""
"1f933-1f3fc","selfie tone 2",":selfie_tone2:",""
"1f933-1f3fd","selfie tone 3",":selfie_tone3:",""
"1f933-1f3fe","selfie tone 4",":selfie_tone4:",""
"1f933-1f3ff","selfie tone 5",":selfie_tone5:",""
"1f934","prince",":prince:",""
"1f934-1f3fb","prince tone 1",":prince_tone1:",""
"1f934-1f3fc","prince tone 2",":prince_tone2:",""
"1f934-1f3fd","prince tone 3",":prince_tone3:",""
"1f934-1f3fe","prince tone 4",":prince_tone4:",""
"1f934-1f3ff","prince tone 5",":prince_tone5:",""
"1f935","man in tuxedo",":man_in_tuxedo:",""
"1f935-1f3fb","man in tuxedo tone 1",":man_in_tuxedo_tone1:",":tuxedo_tone1:"
"1f935-1f3fc","man in tuxedo tone 2",":man_in_tuxedo_tone2:",":tuxedo_tone2:"
"1f935-1f3fd","man in tuxedo tone 3",":man_in_tuxedo_tone3:",":tuxedo_tone3:"
"1f935-1f3fe","man in tuxedo tone 4",":man_in_tuxedo_tone4:",":tuxedo_tone4:"
"1f935-1f3ff","man in tuxedo tone 5",":man_in_tuxedo_tone5:",":tuxedo_tone5:"
"1f936","mother christmas",":mrs_claus:",":mother_christmas:"
"1f936-1f3fb","mother christmas tone 1",":mrs_claus_tone1:",":mother_christmas_tone1:"
"1f936-1f3fc","mother christmas tone 2",":mrs_claus_tone2:",":mother_christmas_tone2:"
"1f936-1f3fd","mother christmas tone 3",":mrs_claus_tone3:",":mother_christmas_tone3:"
"1f936-1f3fe","mother christmas tone 4",":mrs_claus_tone4:",":mother_christmas_tone4:"
"1f936-1f3ff","mother christmas tone 5",":mrs_claus_tone5:",":mother_christmas_tone5:"
"1f937","shrug",":shrug:",""
"1f937-1f3fb","shrug tone 1",":shrug_tone1:",""
"1f937-1f3fc","shrug tone 2",":shrug_tone2:",""
"1f937-1f3fd","shrug tone 3",":shrug_tone3:",""
"1f937-1f3fe","shrug tone 4",":shrug_tone4:",""
"1f937-1f3ff","shrug tone 5",":shrug_tone5:",""
"1f938","person doing cartwheel",":cartwheel:",":person_doing_cartwheel:"
"1f938-1f3fb","person doing cartwheel tone 1",":cartwheel_tone1:",":person_doing_cartwheel_tone1:"
"1f938-1f3fc","person doing cartwheel tone 2",":cartwheel_tone2:",":person_doing_cartwheel_tone2:"
"1f938-1f3fd","person doing cartwheel tone 3",":cartwheel_tone3:",":person_doing_cartwheel_tone3:"
"1f938-1f3fe","person doing cartwheel tone 4",":cartwheel_tone4:",":person_doing_cartwheel_tone4:"
"1f938-1f3ff","person doing cartwheel tone 5",":cartwheel_tone5:",":person_doing_cartwheel_tone5:"
"1f939","juggling",":juggling:",":juggler:"
"1f939-1f3fb","juggling tone 1",":juggling_tone1:",":juggler_tone1:"
"1f939-1f3fc","juggling tone 2",":juggling_tone2:",":juggler_tone2:"
"1f939-1f3fd","juggling tone 3",":juggling_tone3:",":juggler_tone3:"
"1f939-1f3fe","juggling tone 4",":juggling_tone4:",":juggler_tone4:"
"1f939-1f3ff","juggling tone 5",":juggling_tone5:",":juggler_tone5:"
"1f93a","fencer",":fencer:",":fencing:"
"1f93c","wrestlers",":wrestlers:",":wrestling:"
"1f93c-1f3fb","wrestlers tone 1",":wrestlers_tone1:",":wrestling_tone1:"
"1f93c-1f3fc","wrestlers tone 2",":wrestlers_tone2:",":wrestling_tone2:"
"1f93c-1f3fd","wrestlers tone 3",":wrestlers_tone3:",":wrestling_tone3:"
"1f93c-1f3fe","wrestlers tone 4",":wrestlers_tone4:",":wrestling_tone4:"
"1f93c-1f3ff","wrestlers tone 5",":wrestlers_tone5:",":wrestling_tone5:"
"1f93d","water polo",":water_polo:",""
"1f93d-1f3fb","water polo tone 1",":water_polo_tone1:",""
"1f93d-1f3fc","water polo tone 2",":water_polo_tone2:",""
"1f93d-1f3fd","water polo tone 3",":water_polo_tone3:",""
"1f93d-1f3fe","water polo tone 4",":water_polo_tone4:",""
"1f93d-1f3ff","water polo tone 5",":water_polo_tone5:",""
"1f93e","handball",":handball:",""
"1f93e-1f3fb","handball tone 1",":handball_tone1:",""
"1f93e-1f3fc","handball tone 2",":handball_tone2:",""
"1f93e-1f3fd","handball tone 3",":handball_tone3:",""
"1f93e-1f3fe","handball tone 4",":handball_tone4:",""
"1f93e-1f3ff","handball tone 5",":handball_tone5:",""
"1f940","wilted flower",":wilted_rose:",":wilted_flower:"
"1f941","drum with drumsticks",":drum:",":drum_with_drumsticks:"
"1f942","clinking glasses",":champagne_glass:",":clinking_glass:"
"1f943","tumbler glass",":tumbler_glass:",":whisky:"
"1f944","spoon",":spoon:",""
"1f945","goal net",":goal:",":goal_net:"
"1f947","first place medal",":first_place:",":first_place_medal:"
"1f948","second place medal",":second_place:",":second_place_medal:"
"1f949","third place medal",":third_place:",":third_place_medal:"
"1f94a","boxing glove",":boxing_glove:",":boxing_gloves:"
"1f94b","martial arts uniform",":martial_arts_uniform:",":karate_uniform:"
"1f950","croissant",":croissant:",""
"1f951","avocado",":avocado:",""
"1f952","cucumber",":cucumber:",""
"1f953","bacon",":bacon:",""
"1f954","potato",":potato:",""
"1f955","carrot",":carrot:",""
"1f956","baguette bread",":french_bread:",":baguette_bread:"
"1f957","green salad",":salad:",":green_salad:"
"1f958","shallow pan of food",":shallow_pan_of_food:",":paella:"
"1f959","stuffed flatbread",":stuffed_flatbread:",":stuffed_pita:"
"1f95a","egg",":egg:",""
"1f95b","glass of milk",":milk:",":glass_of_milk:"
"1f95c","peanuts",":peanuts:",":shelled_peanut:"
"1f95d","kiwifruit",":kiwi:",":kiwifruit:"
"1f95e","pancakes",":pancakes:",""
"1f980","crab",":crab:",""
"1f981","lion face",":lion_face:",":lion:"
"1f982","scorpion",":scorpion:",""
"1f983","turkey",":turkey:",""
"1f984","unicorn face",":unicorn:",":unicorn_face:"
"1f985","eagle",":eagle:",""
"1f986","duck",":duck:",""
"1f987","bat",":bat:",""
"1f988","shark",":shark:",""
"1f989","owl",":owl:",""
"1f98a","fox face",":fox:",":fox_face:"
"1f98b","butterfly",":butterfly:",""
"1f98c","deer",":deer:",""
"1f98d","gorilla",":gorilla:",""
"1f98e","lizard",":lizard:",""
"1f98f","rhinoceros",":rhino:",":rhinoceros:"
"1f990","shrimp",":shrimp:",""
"1f991","squid",":squid:",""
"1f9c0","cheese wedge",":cheese:",":cheese_wedge:"
"203c","double exclamation mark",":bangbang:",""
"2049","exclamation question mark",":interrobang:",""
"2122","trade mark sign",":tm:",""
"2139","information source",":information_source:",""
"2194","left right arrow",":left_right_arrow:",""
"2195","up down arrow",":arrow_up_down:",""
"2196","north west arrow",":arrow_upper_left:",""
"2197","north east arrow",":arrow_upper_right:",""
"2198","south east arrow",":arrow_lower_right:",""
"2199","south west arrow",":arrow_lower_left:",""
"21a9","leftwards arrow with hook",":leftwards_arrow_with_hook:",""
"21aa","rightwards arrow with hook",":arrow_right_hook:",""
"231a","watch",":watch:",""
"231b","hourglass",":hourglass:",""
"2328","keyboard",":keyboard:",""
"23cf","eject symbol",":eject:",":eject_symbol:"
"23e9","black right-pointing double triangle",":fast_forward:",""
"23ea","black left-pointing double triangle",":rewind:",""
"23eb","black up-pointing double triangle",":arrow_double_up:",""
"23ec","black down-pointing double triangle",":arrow_double_down:",""
"23ed","black right-pointing double triangle with vertical bar",":track_next:",":next_track:"
"23ee","black left-pointing double triangle with vertical bar",":track_previous:",":previous_track:"
"23ef","black right-pointing double triangle with double vertical bar",":play_pause:",""
"23f0","alarm clock",":alarm_clock:",""
"23f1","stopwatch",":stopwatch:",""
"23f2","timer clock",":timer:",":timer_clock:"
"23f3","hourglass with flowing sand",":hourglass_flowing_sand:",""
"23f8","double vertical bar",":pause_button:",":double_vertical_bar:"
"23f9","black square for stop",":stop_button:",""
"23fa","black circle for record",":record_button:",""
"24c2","circled latin capital letter m",":m:",""
"25aa","black small square",":black_small_square:",""
"25ab","white small square",":white_small_square:",""
"25b6","black right-pointing triangle",":arrow_forward:",""
"25c0","black left-pointing triangle",":arrow_backward:",""
"25fb","white medium square",":white_medium_square:",""
"25fc","black medium square",":black_medium_square:",""
"25fd","white medium small square",":white_medium_small_square:",""
"25fe","black medium small square",":black_medium_small_square:",""
"2600","black sun with rays",":sunny:",""
"2601","cloud",":cloud:",""
"2602","umbrella",":umbrella2:",""
"2603","snowman",":snowman2:",""
"2604","comet",":comet:",""
"260e","black telephone",":telephone:",""
"2611","ballot box with check",":ballot_box_with_check:",""
"2614","umbrella with rain drops",":umbrella:",""
"2615","hot beverage",":coffee:",""
"2618","shamrock",":shamrock:",""
"261d","white up pointing index",":point_up:",""
"261d-1f3fb","white up pointing index tone 1",":point_up_tone1:",""
"261d-1f3fc","white up pointing index tone 2",":point_up_tone2:",""
"261d-1f3fd","white up pointing index tone 3",":point_up_tone3:",""
"261d-1f3fe","white up pointing index tone 4",":point_up_tone4:",""
"261d-1f3ff","white up pointing index tone 5",":point_up_tone5:",""
"2620","skull and crossbones",":skull_crossbones:",":skull_and_crossbones:"
"2622","radioactive sign",":radioactive:",":radioactive_sign:"
"2623","biohazard sign",":biohazard:",":biohazard_sign:"
"2626","orthodox cross",":orthodox_cross:",""
"262a","star and crescent",":star_and_crescent:",""
"262e","peace symbol",":peace:",":peace_symbol:"
"262f","yin yang",":yin_yang:",""
"2638","wheel of dharma",":wheel_of_dharma:",""
"2639","white frowning face",":frowning2:",":white_frowning_face:"
"263a","white smiling face",":relaxed:",""
"2648","aries",":aries:",""
"2649","taurus",":taurus:",""
"264a","gemini",":gemini:",""
"264b","cancer",":cancer:",""
"264c","leo",":leo:",""
"264d","virgo",":virgo:",""
"264e","libra",":libra:",""
"264f","scorpius",":scorpius:",""
"2650","sagittarius",":sagittarius:",""
"2651","capricorn",":capricorn:",""
"2652","aquarius",":aquarius:",""
"2653","pisces",":pisces:",""
"2660","black spade suit",":spades:",""
"2663","black club suit",":clubs:",""
"2665","black heart suit",":hearts:",""
"2666","black diamond suit",":diamonds:",""
"2668","hot springs",":hotsprings:",""
"267b","black universal recycling symbol",":recycle:",""
"267f","wheelchair symbol",":wheelchair:",""
"2692","hammer and pick",":hammer_pick:",":hammer_and_pick:"
"2693","anchor",":anchor:",""
"2694","crossed swords",":crossed_swords:",""
"2696","scales",":scales:",""
"2697","alembic",":alembic:",""
"2699","gear",":gear:",""
"269b","atom symbol",":atom:",":atom_symbol:"
"269c","fleur-de-lis",":fleur-de-lis:",""
"26a0","warning sign",":warning:",""
"26a1","high voltage sign",":zap:",""
"26aa","medium white circle",":white_circle:",""
"26ab","medium black circle",":black_circle:",""
"26b0","coffin",":coffin:",""
"26b1","funeral urn",":urn:",":funeral_urn:"
"26bd","soccer ball",":soccer:",""
"26be","baseball",":baseball:",""
"26c4","snowman without snow",":snowman:",""
"26c5","sun behind cloud",":partly_sunny:",""
"26c8","thunder cloud and rain",":thunder_cloud_rain:",":thunder_cloud_and_rain:"
"26ce","ophiuchus",":ophiuchus:",""
"26cf","pick",":pick:",""
"26d1","helmet with white cross",":helmet_with_cross:",":helmet_with_white_cross:"
"26d3","chains",":chains:",""
"26d4","no entry",":no_entry:",""
"26e9","shinto shrine",":shinto_shrine:",""
"26ea","church",":church:",""
"26f0","mountain",":mountain:",""
"26f1","umbrella on ground",":beach_umbrella:",":umbrella_on_ground:"
"26f2","fountain",":fountain:",""
"26f3","flag in hole",":golf:",""
"26f4","ferry",":ferry:",""
"26f5","sailboat",":sailboat:",""
"26f7","skier",":skier:",""
"26f8","ice skate",":ice_skate:",""
"26f9","person with ball",":basketball_player:",":person_with_ball:"
"26f9-1f3fb","person with ball tone 1",":basketball_player_tone1:",":person_with_ball_tone1:"
"26f9-1f3fc","person with ball tone 2",":basketball_player_tone2:",":person_with_ball_tone2:"
"26f9-1f3fd","person with ball tone 3",":basketball_player_tone3:",":person_with_ball_tone3:"
"26f9-1f3fe","person with ball tone 4",":basketball_player_tone4:",":person_with_ball_tone4:"
"26f9-1f3ff","person with ball tone 5",":basketball_player_tone5:",":person_with_ball_tone5:"
"26fa","tent",":tent:",""
"26fd","fuel pump",":fuelpump:",""
"2702","black scissors",":scissors:",""
"2705","white heavy check mark",":white_check_mark:",""
"2708","airplane",":airplane:",""
"2709","envelope",":envelope:",""
"270a","raised fist",":fist:",""
"270a-1f3fb","raised fist tone 1",":fist_tone1:",""
"270a-1f3fc","raised fist tone 2",":fist_tone2:",""
"270a-1f3fd","raised fist tone 3",":fist_tone3:",""
"270a-1f3fe","raised fist tone 4",":fist_tone4:",""
"270a-1f3ff","raised fist tone 5",":fist_tone5:",""
"270b","raised hand",":raised_hand:",""
"270b-1f3fb","raised hand tone 1",":raised_hand_tone1:",""
"270b-1f3fc","raised hand tone 2",":raised_hand_tone2:",""
"270b-1f3fd","raised hand tone 3",":raised_hand_tone3:",""
"270b-1f3fe","raised hand tone 4",":raised_hand_tone4:",""
"270b-1f3ff","raised hand tone 5",":raised_hand_tone5:",""
"270c","victory hand",":v:",""
"270c-1f3fb","victory hand tone 1",":v_tone1:",""
"270c-1f3fc","victory hand tone 2",":v_tone2:",""
"270c-1f3fd","victory hand tone 3",":v_tone3:",""
"270c-1f3fe","victory hand tone 4",":v_tone4:",""
"270c-1f3ff","victory hand tone 5",":v_tone5:",""
"270d","writing hand",":writing_hand:",""
"270d-1f3fb","writing hand tone 1",":writing_hand_tone1:",""
"270d-1f3fc","writing hand tone 2",":writing_hand_tone2:",""
"270d-1f3fd","writing hand tone 3",":writing_hand_tone3:",""
"270d-1f3fe","writing hand tone 4",":writing_hand_tone4:",""
"270d-1f3ff","writing hand tone 5",":writing_hand_tone5:",""
"270f","pencil",":pencil2:",""
"2712","black nib",":black_nib:",""
"2714","heavy check mark",":heavy_check_mark:",""
"2716","heavy multiplication x",":heavy_multiplication_x:",""
"271d","latin cross",":cross:",":latin_cross:"
"2721","star of david",":star_of_david:",""
"2728","sparkles",":sparkles:",""
"2733","eight spoked asterisk",":eight_spoked_asterisk:",""
"2734","eight pointed black star",":eight_pointed_black_star:",""
"2744","snowflake",":snowflake:",""
"2747","sparkle",":sparkle:",""
"274c","cross mark",":x:",""
"274e","negative squared cross mark",":negative_squared_cross_mark:",""
"2753","black question mark ornament",":question:",""
"2754","white question mark ornament",":grey_question:",""
"2755","white exclamation mark ornament",":grey_exclamation:",""
"2757","heavy exclamation mark symbol",":exclamation:",""
"2763","heavy heart exclamation mark ornament",":heart_exclamation:",":heavy_heart_exclamation_mark_ornament:"
"2764","heavy black heart",":heart:",""
"2795","heavy plus sign",":heavy_plus_sign:",""
"2796","heavy minus sign",":heavy_minus_sign:",""
"2797","heavy division sign",":heavy_division_sign:",""
"27a1","black rightwards arrow",":arrow_right:",""
"27b0","curly loop",":curly_loop:",""
"27bf","double curly loop",":loop:",""
"2934","arrow pointing rightwards then curving upwards",":arrow_heading_up:",""
"2935","arrow pointing rightwards then curving downwards",":arrow_heading_down:",""
"2b05","leftwards black arrow",":arrow_left:",""
"2b06","upwards black arrow",":arrow_up:",""
"2b07","downwards black arrow",":arrow_down:",""
"2b1b","black large square",":black_large_square:",""
"2b1c","white large square",":white_large_square:",""
"2b50","white medium star",":star:",""
"2b55","heavy large circle",":o:",""
"3030","wavy dash",":wavy_dash:",""
"303d","part alternation mark",":part_alternation_mark:",""
"3297","circled ideograph congratulation",":congratulations:",""
"3299","circled ideograph secret",":secret:",""